#NAME?,"<?xml version=""1.0"" encoding=""utf-16""?><WebTableParameter xmlns:xsd=""http://www.w3.org/2001/XMLSchema"" xmlns:xsi=""http://www.w3.org/2001/XMLSchema-instance"" xmlns=""http://stats.oecd.org/OECDStatWS/2004/03/01/""><DataTable Code=""IEA_EPT_FG"" HasMetadata=""true""><Name LocaleIsoCode=""en"">Wholesale and Retail Price Indices for Energy Products</Name><Name LocaleIsoCode=""fr"">Wholesale and Retail Price Indices for Energy Products</Name><Dimension Code=""LOCATION"" HasMetadata=""false"" Display=""labels""><Name LocaleIsoCode=""en"">Country</Name><Name LocaleIsoCode=""fr"">Country</Name><Member Code=""AUS"" HasMetadata=""false"" HasOnlyUnitMetadata=""false"" HasChild=""0""><Name LocaleIsoCode=""en"">Australia</Name><Name LocaleIsoCode=""fr"">Australia</Name></Member><Member Code=""AUT"" HasMetadata=""false"" HasOnlyUnitMetadata=""false"" HasChild=""0""><Name LocaleIsoCode=""en"">Austria</Name><Name LocaleIsoCode=""fr"">Austria</Name></Member><Member Code=""BEL"" HasMetadata=""false"" HasOnlyUnitMetadata=""false"" HasChild=""0""><Name LocaleIsoCode=""en"">Belgium</Name><Name LocaleIsoCode=""fr"">Belgium</Name></Member><Member Code=""CAN"" HasMetadata=""false"" HasOnlyUnitMetadata=""false"" HasChild=""0""><Name LocaleIsoCode=""en"">Canada</Name><Name LocaleIsoCode=""fr"">Canada</Name></Member><Member Code=""CHL"" HasMetadata=""false"" HasOnlyUnitMetadata=""false"" HasChild=""0""><Name LocaleIsoCode=""en"">Chile</Name><Name LocaleIsoCode=""fr"">Chile</Name></Member><Member Code=""COL"" HasMetadata=""false"" HasOnlyUnitMetadata=""false"" HasChild=""0""><Name LocaleIsoCode=""en"">Colombia</Name><Name LocaleIsoCode=""fr"">Colombia</Name></Member><Member Code=""CZE"" HasMetadata=""false"" HasOnlyUnitMetadata=""false"" HasChild=""0""><Name LocaleIsoCode=""en"">Czech Republic</Name><Name LocaleIsoCode=""fr"">Czech Republic</Name></Member><Member Code=""DNK"" HasMetadata=""false"" HasOnlyUnitMetadata=""false"" HasChild=""0""><Name LocaleIsoCode=""en"">Denmark</Name><Name LocaleIsoCode=""fr"">Denmark</Name></Member><Member Code=""EST"" HasMetadata=""false"" HasOnlyUnitMetadata=""false"" HasChild=""0""><Name LocaleIsoCode=""en"">Estonia</Name><Name LocaleIsoCode=""fr"">Estonia</Name></Member><Member Code=""FIN"" HasMetadata=""false"" HasOnlyUnitMetadata=""false"" HasChild=""0""><Name LocaleIsoCode=""en"">Finland</Name><Name LocaleIsoCode=""fr"">Finland</Name></Member><Member Code=""FRA"" HasMetadata=""false"" HasOnlyUnitMetadata=""false"" HasChild=""0""><Name LocaleIsoCode=""en"">France</Name><Name LocaleIsoCode=""fr"">France</Name></Member><Member Code=""DEU"" HasMetadata=""false"" HasOnlyUnitMetadata=""false"" HasChild=""0""><Name LocaleIsoCode=""en"">Germany</Name><Name LocaleIsoCode=""fr"">Germany</Name></Member><Member Code=""GRC"" HasMetadata=""false"" HasOnlyUnitMetadata=""false"" HasChild=""0""><Name LocaleIsoCode=""en"">Greece</Name><Name LocaleIsoCode=""fr"">Greece</Name></Member><Member Code=""HUN"" HasMetadata=""false"" HasOnlyUnitMetadata=""false"" HasChild=""0""><Name LocaleIsoCode=""en"">Hungary</Name><Name LocaleIsoCode=""fr"">Hungary</Name></Member><Member Code=""IRL"" HasMetadata=""false"" HasOnlyUnitMetadata=""false"" HasChild=""0""><Name LocaleIsoCode=""en"">Ireland</Name><Name LocaleIsoCode=""fr"">Ireland</Name></Member><Member Code=""ITA"" HasMetadata=""false"" HasOnlyUnitMetadata=""false"" HasChild=""0""><Name LocaleIsoCode=""en"">Italy</Name><Name LocaleIsoCode=""fr"">Italy</Name></Member><Member Code=""JPN"" HasMetadata=""false"" HasOnlyUnitMetadata=""false"" HasChild=""0""><Name LocaleIsoCode=""en"">Japan</Name><Name LocaleIsoCode=""fr"">Japan</Name></Member><Member Code=""KOR"" HasMetadata=""false"" HasOnlyUnitMetadata=""false"" HasChild=""0""><Name LocaleIsoCode=""en"">Korea</Name><Name LocaleIsoCode=""fr"">Korea</Name></Member><Member Code=""LUX"" HasMetadata=""false"" HasOnlyUnitMetadata=""false"" HasChild=""0""><Name LocaleIsoCode=""en"">Luxembourg</Name><Name LocaleIsoCode=""fr"">Luxembourg</Name></Member><Member Code=""MEX"" HasMetadata=""false"" HasOnlyUnitMetadata=""false"" HasChild=""0""><Name LocaleIsoCode=""en"">Mexico</Name><Name LocaleIsoCode=""fr"">Mexico</Name></Member><Member Code=""NLD"" HasMetadata=""false"" HasOnlyUnitMetadata=""false"" HasChild=""0""><Name LocaleIsoCode=""en"">Netherlands</Name><Name LocaleIsoCode=""fr"">Netherlands</Name></Member><Member Code=""NZL"" HasMetadata=""false"" HasOnlyUnitMetadata=""false"" HasChild=""0""><Name LocaleIsoCode=""en"">New Zealand</Name><Name LocaleIsoCode=""fr"">New Zealand</Name></Member><Member Code=""NOR"" HasMetadata=""false"" HasOnlyUnitMetadata=""false"" HasChild=""0""><Name LocaleIsoCode=""en"">Norway</Name><Name LocaleIsoCode=""fr"">Norway</Name></Member><Member Code=""POL"" HasMetadata=""false"" HasOnlyUnitMetadata=""false"" HasChild=""0""><Name LocaleIsoCode=""en"">Poland</Name><Name LocaleIsoCode=""fr"">Poland</Name></Member><Member Code=""PRT"" HasMetadata=""false"" HasOnlyUnitMetadata=""false"" HasChild=""0""><Name LocaleIsoCode=""en"">Portugal</Name><Name LocaleIsoCode=""fr"">Portugal</Name></Member><Member Code=""SVK"" HasMetadata=""false"" HasOnlyUnitMetadata=""false"" HasChild=""0""><Name LocaleIsoCode=""en"">Slovak Republic</Name><Name LocaleIsoCode=""fr"">Slovak Republic</Name></Member><Member Code=""SVN"" HasMetadata=""false"" HasOnlyUnitMetadata=""false"" HasChild=""0""><Name LocaleIsoCode=""en"">Slovenia</Name><Name LocaleIsoCode=""fr"">Slovenia</Name></Member><Member Code=""ESP"" HasMetadata=""false"" HasOnlyUnitMetadata=""false"" HasChild=""0""><Name LocaleIsoCode=""en"">Spain</Name><Name LocaleIsoCode=""fr"">Spain</Name></Member><Member Code=""SWE"" HasMetadata=""false"" HasOnlyUnitMetadata=""false"" HasChild=""0""><Name LocaleIsoCode=""en"">Sweden</Name><Name LocaleIsoCode=""fr"">Sweden</Name></Member><Member Code=""CHE"" HasMetadata=""false"" HasOnlyUnitMetadata=""false"" HasChild=""0""><Name LocaleIsoCode=""en"">Switzerland</Name><Name LocaleIsoCode=""fr"">Switzerland</Name></Member><Member Code=""TUR"" HasMetadata=""false"" HasOnlyUnitMetadata=""false"" HasChild=""0""><Name LocaleIsoCode=""en"">Turkey</Name><Name LocaleIsoCode=""fr"">Turkey</Name></Member><Member Code=""GBR"" HasMetadata=""false"" HasOnlyUnitMetadata=""false"" HasChild=""0""><Name LocaleIsoCode=""en"">United Kingdom</Name><Name LocaleIsoCode=""fr"">United Kingdom</Name></Member><Member Code=""USA"" HasMetadata=""false"" HasOnlyUnitMetadata=""false"" HasChild=""0""><Name LocaleIsoCode=""en"">United States</Name><Name LocaleIsoCode=""fr"">United States</Name></Member><Member Code=""ISL"" HasMetadata=""false"" HasOnlyUnitMetadata=""false"" HasChild=""0""><Name LocaleIsoCode=""en"">Iceland</Name><Name LocaleIsoCode=""fr"">Iceland</Name></Member><Member Code=""LVA"" HasMetadata=""false"" HasOnlyUnitMetadata=""false"" HasChild=""0""><Name LocaleIsoCode=""en"">Latvia</Name><Name LocaleIsoCode=""fr"">Latvia</Name></Member><Member Code=""LTU"" HasMetadata=""false"" HasOnlyUnitMetadata=""false"" HasChild=""0""><Name LocaleIsoCode=""en"">Lithuania</Name><Name LocaleIsoCode=""fr"">Lithuania</Name></Member></Dimension><Dimension Code=""PRODUCT"" HasMetadata=""false"" Display=""labels""><Name LocaleIsoCode=""en"">Product</Name><Name LocaleIsoCode=""fr"">Product</Name><Member Code=""FGPRODUCT001"" HasMetadata=""false"" HasOnlyUnitMetadata=""false"" HasChild=""0""><Name LocaleIsoCode=""en"">Oil products</Name><Name LocaleIsoCode=""fr"">Oil products</Name></Member><Member Code=""FGPRODUCT002"" HasMetadata=""false"" HasOnlyUnitMetadata=""false"" HasChild=""0""><Name LocaleIsoCode=""en"">Natural gas</Name><Name LocaleIsoCode=""fr"">Natural gas</Name></Member><Member Code=""FGPRODUCT003"" HasMetadata=""false"" HasOnlyUnitMetadata=""false"" HasChild=""0""><Name LocaleIsoCode=""en"">Coal</Name><Name LocaleIsoCode=""fr"">Coal</Name></Member><Member Code=""FGPRODUCT004"" HasMetadata=""false"" HasOnlyUnitMetadata=""false"" HasChild=""0""><Name LocaleIsoCode=""en"">Electricity</Name><Name LocaleIsoCode=""fr"">Electricity</Name></Member></Dimension><Dimension Code=""INDEX"" HasMetadata=""false"" Display=""labels""><Name LocaleIsoCode=""en"">Index</Name><Name LocaleIsoCode=""fr"">Index</Name><Member Code=""FGINDEX001"" HasMetadata=""false"" HasOnlyUnitMetadata=""false"" HasChild=""0""><Name LocaleIsoCode=""en"">Wholesale</Name><Name LocaleIsoCode=""fr"">Wholesale</Name></Member><Member Code=""FGINDEX002"" HasMetadata=""false"" HasOnlyUnitMetadata=""false"" HasChild=""0""><Name LocaleIsoCode=""en"">Retail</Name><Name LocaleIsoCode=""fr"">Retail</Name></Member></Dimension><Dimension Code=""FREQUENCY"" HasMetadata=""false"" CommonCode=""FREQUENCY""><Name LocaleIsoCode=""en"">Frequency</Name><Name LocaleIsoCode=""fr"">Frequency</Name><Member Code=""A"" HasMetadata=""false""><Name LocaleIsoCode=""en"">Annual</Name><Name LocaleIsoCode=""fr"">Annuelle</Name></Member></Dimension><Dimension Code=""TIME"" HasMetadata=""false"" CommonCode=""TIME""><Name LocaleIsoCode=""en"">Time</Name><Name LocaleIsoCode=""fr"">Time</Name><Member Code=""1978"" HasMetadata=""false""><Name LocaleIsoCode=""en"">1978</Name><Name LocaleIsoCode=""fr"">1978</Name></Member><Member Code=""1979"" HasMetadata=""false""><Name LocaleIsoCode=""en"">1979</Name><Name LocaleIsoCode=""fr"">1979</Name></Member><Member Code=""1980"" HasMetadata=""false""><Name LocaleIsoCode=""en"">1980</Name><Name LocaleIsoCode=""fr"">1980</Name></Member><Member Code=""1981"" HasMetadata=""false""><Name LocaleIsoCode=""en"">1981</Name><Name LocaleIsoCode=""fr"">1981</Name></Member><Member Code=""1982"" HasMetadata=""false""><Name LocaleIsoCode=""en"">1982</Name><Name LocaleIsoCode=""fr"">1982</Name></Member><Member Code=""1983"" HasMetadata=""false""><Name LocaleIsoCode=""en"">1983</Name><Name LocaleIsoCode=""fr"">1983</Name></Member><Member Code=""1984"" HasMetadata=""false""><Name LocaleIsoCode=""en"">1984</Name><Name LocaleIsoCode=""fr"">1984</Name></Member><Member Code=""1985"" HasMetadata=""false""><Name LocaleIsoCode=""en"">1985</Name><Name LocaleIsoCode=""fr"">1985</Name></Member><Member Code=""1986"" HasMetadata=""false""><Name LocaleIsoCode=""en"">1986</Name><Name LocaleIsoCode=""fr"">1986</Name></Member><Member Code=""1987"" HasMetadata=""false""><Name LocaleIsoCode=""en"">1987</Name><Name LocaleIsoCode=""fr"">1987</Name></Member><Member Code=""1988"" HasMetadata=""false""><Name LocaleIsoCode=""en"">1988</Name><Name LocaleIsoCode=""fr"">1988</Name></Member><Member Code=""1989"" HasMetadata=""false""><Name LocaleIsoCode=""en"">1989</Name><Name LocaleIsoCode=""fr"">1989</Name></Member><Member Code=""1990"" HasMetadata=""false""><Name LocaleIsoCode=""en"">1990</Name><Name LocaleIsoCode=""fr"">1990</Name></Member><Member Code=""1991"" HasMetadata=""false""><Name LocaleIsoCode=""en"">1991</Name><Name LocaleIsoCode=""fr"">1991</Name></Member><Member Code=""1992"" HasMetadata=""false""><Name LocaleIsoCode=""en"">1992</Name><Name LocaleIsoCode=""fr"">1992</Name></Member><Member Code=""1993"" HasMetadata=""false""><Name LocaleIsoCode=""en"">1993</Name><Name LocaleIsoCode=""fr"">1993</Name></Member><Member Code=""1994"" HasMetadata=""false""><Name LocaleIsoCode=""en"">1994</Name><Name LocaleIsoCode=""fr"">1994</Name></Member><Member Code=""1995"" HasMetadata=""false""><Name LocaleIsoCode=""en"">1995</Name><Name LocaleIsoCode=""fr"">1995</Name></Member><Member Code=""1996"" HasMetadata=""false""><Name LocaleIsoCode=""en"">1996</Name><Name LocaleIsoCode=""fr"">1996</Name></Member><Member Code=""1997"" HasMetadata=""false""><Name LocaleIsoCode=""en"">1997</Name><Name LocaleIsoCode=""fr"">1997</Name></Member><Member Code=""1998"" HasMetadata=""false""><Name LocaleIsoCode=""en"">1998</Name><Name LocaleIsoCode=""fr"">1998</Name></Member><Member Code=""1999"" HasMetadata=""false""><Name LocaleIsoCode=""en"">1999</Name><Name LocaleIsoCode=""fr"">1999</Name></Member><Member Code=""2000"" HasMetadata=""false""><Name LocaleIsoCode=""en"">2000</Name><Name LocaleIsoCode=""fr"">2000</Name></Member><Member Code=""2001"" HasMetadata=""false""><Name LocaleIsoCode=""en"">2001</Name><Name LocaleIsoCode=""fr"">2001</Name></Member><Member Code=""2002"" HasMetadata=""false""><Name LocaleIsoCode=""en"">2002</Name><Name LocaleIsoCode=""fr"">2002</Name></Member><Member Code=""2003"" HasMetadata=""false""><Name LocaleIsoCode=""en"">2003</Name><Name LocaleIsoCode=""fr"">2003</Name></Member><Member Code=""2004"" HasMetadata=""false""><Name LocaleIsoCode=""en"">2004</Name><Name LocaleIsoCode=""fr"">2004</Name></Member><Member Code=""2005"" HasMetadata=""false""><Name LocaleIsoCode=""en"">2005</Name><Name LocaleIsoCode=""fr"">2005</Name></Member><Member Code=""2006"" HasMetadata=""false""><Name LocaleIsoCode=""en"">2006</Name><Name LocaleIsoCode=""fr"">2006</Name></Member><Member Code=""2007"" HasMetadata=""false""><Name LocaleIsoCode=""en"">2007</Name><Name LocaleIsoCode=""fr"">2007</Name></Member><Member Code=""2008"" HasMetadata=""false""><Name LocaleIsoCode=""en"">2008</Name><Name LocaleIsoCode=""fr"">2008</Name></Member><Member Code=""2009"" HasMetadata=""false""><Name LocaleIsoCode=""en"">2009</Name><Name LocaleIsoCode=""fr"">2009</Name></Member><Member Code=""2010"" HasMetadata=""false""><Name LocaleIsoCode=""en"">2010</Name><Name LocaleIsoCode=""fr"">2010</Name></Member><Member Code=""2011"" HasMetadata=""false""><Name LocaleIsoCode=""en"">2011</Name><Name LocaleIsoCode=""fr"">2011</Name></Member><Member Code=""2012"" HasMetadata=""false""><Name LocaleIsoCode=""en"">2012</Name><Name LocaleIsoCode=""fr"">2012</Name></Member><Member Code=""2013"" HasMetadata=""false""><Name LocaleIsoCode=""en"">2013</Name><Name LocaleIsoCode=""fr"">2013</Name></Member><Member Code=""2014"" HasMetadata=""false""><Name LocaleIsoCode=""en"">2014</Name><Name LocaleIsoCode=""fr"">2014</Name></Member><Member Code=""2015"" HasMetadata=""false""><Name LocaleIsoCode=""en"">2015</Name><Name LocaleIsoCode=""fr"">2015</Name></Member><Member Code=""2016"" HasMetadata=""false""><Name LocaleIsoCode=""en"">2016</Name><Name LocaleIsoCode=""fr"">2016</Name></Member><Member Code=""2017"" HasMetadata=""false""><Name LocaleIsoCode=""en"">2017</Name><Name LocaleIsoCode=""fr"">2017</Name></Member><Member Code=""2018"" HasMetadata=""false""><Name LocaleIsoCode=""en"">2018</Name><Name LocaleIsoCode=""fr"">2018</Name></Member><Member Code=""2019"" HasMetadata=""false""><Name LocaleIsoCode=""en"">2019</Name><Name LocaleIsoCode=""fr"">2019</Name></Member><Member Code=""2020"" HasMetadata=""false""><Name LocaleIsoCode=""en"">2020</Name><Name LocaleIsoCode=""fr"">2020</Name></Member><Member Code=""2021"" HasMetadata=""false""><Name LocaleIsoCode=""en"">2021</Name><Name LocaleIsoCode=""fr"">2021</Name></Member></Dimension><WBOSInformations><TimeDimension WebTreeWasUsed=""false""><StartCodes Annual=""1978"" /></TimeDimension></WBOSInformations><Tabulation Axis=""horizontal""><Dimension Code=""PRODUCT"" /></Tabulation><Tabulation Axis=""vertical""><Dimension Code=""LOCATION"" /><Dimension Code=""TIME"" /><Dimension Code=""INDEX"" /></Tabulation><Tabulation Axis=""page""><Dimension Code=""FREQUENCY"" /></Tabulation><Formatting><Labels LocaleIsoCode=""en"" /><Power>0</Power><Decimals>-1</Decimals><SkipEmptyLines>true</SkipEmptyLines><SkipEmptyCols>false</SkipEmptyCols><SkipLineHierarchy>false</SkipLineHierarchy><SkipColHierarchy>false</SkipColHierarchy><Page>1</Page></Formatting></DataTable><Format><ShowEmptyAxes>true</ShowEmptyAxes><Page>1</Page><EnableSort>true</EnableSort><IncludeFlagColumn>false</IncludeFlagColumn><IncludeTimeSeriesId>false</IncludeTimeSeriesId><DoBarChart>false</DoBarChart><FreezePanes>true</FreezePanes><MaxBarChartLen>65</MaxBarChartLen></Format><Query><AbsoluteUri>http://stats2.digitalresources.jisc.ac.uk//View.aspx?QueryId=&amp;QueryType=Public&amp;Lang=en</AbsoluteUri></Query></WebTableParameter>",,,,,
Country,Time,Index,Oil products,Natural gas,Coal,Electricity
Australia,1978,Wholesale,,14.4,57.3,20.7
,,Retail,12.4,17.4,,13
,1979,Wholesale,,15.2,57.9,22.1
,,Retail,17,18.2,,14.2
,1980,Wholesale,,16.6,59.8,24.1
,,Retail,20.7,19.1,,15.7
,1981,Wholesale,,18,69.6,27.9
,,Retail,24.1,21,,18.1
,1982,Wholesale,,22.6,81.7,37.2
,,Retail,26.2,23.4,,22.7
,1983,Wholesale,,29.5,86.1,42
,,Retail,29.4,26,,26
,1984,Wholesale,,33.7,85.6,44
,,Retail,31.9,28.4,,27.2
,1985,Wholesale,,35.9,87.4,45.2
,,Retail,35.3,29.7,,29.3
,1986,Wholesale,,38.7,93.2,46.8
,,Retail,34.9,31.4,,31
,1987,Wholesale,,42.9,92.7,49
,,Retail,36.9,34.1,,32.7
,1988,Wholesale,,46.8,91.7,51.3
,,Retail,35.8,34.8,,34.6
,1989,Wholesale,,51.5,93.8,53.9
,,Retail,37.3,36,,36.1
,1990,Wholesale,,54.3,99.8,56.3
,,Retail,45.7,38.4,,36.9
,1991,Wholesale,,55.1,103.2,58.3
,,Retail,44.7,40.5,,39.5
,1992,Wholesale,,56.1,93.4,59.5
,,Retail,45.6,41.6,,41.1
,1993,Wholesale,,56.6,92.7,59.2
,,Retail,45.4,44.2,,42.8
,1994,Wholesale,,56.3,94.5,58.4
,,Retail,45.3,44.7,,43.1
,1995,Wholesale,,57.1,100,59
,,Retail,47.3,45.9,,43.2
,1996,Wholesale,,58.4,101.8,59.3
,,Retail,48.6,46.7,,43.5
,1997,Wholesale,,58.9,103.3,59.3
,,Retail,49.5,47.7,,44
,1998,Wholesale,,57.3,115.9,57
,,Retail,47,47.8,,43.3
,1999,Wholesale,,58.6,105.9,55.7
,,Retail,48.8,47.1,,42.9
,2000,Wholesale,,64.8,,55.4
,,Retail,60.3,49.6,,45.5
,2001,Wholesale,,64.7,,55.1
,,Retail,60.3,52.9,,48.6
,2002,Wholesale,,65.3,,59.1
,,Retail,59.6,55.8,,50.4
,2003,Wholesale,,66.1,,62.7
,,Retail,62.3,59.2,,53.3
,2004,Wholesale,,65.8,,62.3
,,Retail,67.6,62.6,,54.3
,2005,Wholesale,,68.1,,63
,,Retail,76.8,65.8,,55.8
,2006,Wholesale,,69.6,,63.9
,,Retail,86.5,68.9,,57.5
,2007,Wholesale,,70.9,,66.5
,,Retail,86.4,71.5,,60.1
,2008,Wholesale,,73.7,,73.9
,,Retail,98.6,77.3,,66.1
,2009,Wholesale,,80.9,,79
,,Retail,83.4,84,,74
,2010,Wholesale,,90.7,,87.6
,,Retail,87.7,91.5,,85.2
,2011,Wholesale,,98,,96.2
,,Retail,98,96.5,,95.3
,2012,Wholesale,,103.3,,110.6
,,Retail,100.4,108.9,,108.9
,2013,Wholesale,,115.2,,126
,,Retail,102.7,120.4,,121.2
,2014,Wholesale,,112.9,,124.4
,,Retail,103.8,125.7,,121.6
,2015,Wholesale,,102.8,,118
,,Retail,90.2,128.3,,119.1
,2016,Wholesale,,98.8,,118.45
,,Retail,82.9,130.2,,120.7
,2017,Wholesale,,111.95,,131.95
,,Retail,91.5,137.175,,132.6
,2018,Wholesale,,130.2,,151.3
,,Retail,102.7,145.1,,140.9
,2019,Wholesale,,128.125,,152.575
,,Retail,101.475,145.625,,138.325
,2020,Wholesale,,127.525,,145.675
,,Retail,89.225,144.025,,132.875
Austria,1996,,60.1,54.9,62.7,73
,1997,,61.5,57.8,65,75
,1998,,57.8,56.1,64.6,75
,1999,,59.3,55.5,64.3,74.4
,2000,,71,58.5,66,74
,2001,,68.7,65.2,68.5,75.1
,2002,,66.8,64.5,69.3,72.9
,2003,,67.3,65.4,71.3,73.6
,2004,,73.9,69,74.4,75.7
,2005,,84.5,73.3,76.5,78
,2006,,90.5,77.9,81.1,80.7
,2007,,91.9,84.3,85.7,88.2
,2008,,108.2,86.8,84.8,89.7
,2009,,86.6,92.6,86.6,93.3
,2010,,99.6,88.4,87.7,94.3
,2011,,117.6,96.2,90.9,94.3
,2012,,125.4,101,92.2,95.1
,2013,,120.4,100.7,95,99.4
,2014,,115.2,100.5,99.1,99.4
,2015,,100,100,100,100
,2016,,91.5,98.1,99.7,101.1
,2017,,98.3,96.6,101.4,95.6
,2018,,108.2,91.5,108.9,96.4
,2019,,106.5,92.2,113.7,100.1
,2020,,91.9,90.8,114.5,105.9
Belgium,1991,,38.089289,47.154276,70.251231,65.593932
,1992,,36.999956,45.447936,74.143279,67.217473
,1993,Wholesale,25.8,,,
,,Retail,38.879772,46.117505,74.151467,68.878284
,1994,Wholesale,24,,,
,,Retail,39.011614,47.525629,72.751686,69.794927
,1995,Wholesale,22.7,,,
,,Retail,38.26952,47.336044,71.852195,70.923802
,1996,Wholesale,28,,38,
,,Retail,42.829969,47.303381,71.718293,71.099449
,1997,Wholesale,30.4,,36.2,
,,Retail,45.311841,49.909179,71.637036,71.496328
,1998,Wholesale,23.6,,30.5,
,,Retail,41.338894,50.233531,72.016342,72.056873
,1999,Wholesale,31.5,,26.7,
,,Retail,43.893846,46.942492,72.518646,71.582668
,2000,Wholesale,54.5,,26.9,
,,Retail,56.734533,51.979296,72.859491,70.282117
,2001,Wholesale,52,72.1,33.6,76.4
,,Retail,54.327611,63.919471,73.870768,71.912446
,2002,Wholesale,51.7,68.4,27.6,80.5
,,Retail,51.972587,60.246834,74.836179,71.389181
,2003,Wholesale,47.8,68.5,29.1,80.5
,,Retail,52.956,60.159309,75.454696,69.252009
,2004,Wholesale,57.4,67.8,55,87.4
,,Retail,58.977119,59.252139,77.236672,70.659482
,2005,Wholesale,70.7,73.7,48.1,90.8
,,Retail,70.459273,64.60906,79.685632,70.467623
,2006,Wholesale,82.4,83.9,50.7,96.6
,,Retail,75.312372,74.751923,81.098823,72.546083
,2007,Wholesale,84.6,79.6,66.6,95.7
,,Retail,76.016351,69.296733,82.565957,75.758213
,2008,Wholesale,101.8,113.1,129.9,112.4
,,Retail,88.05315,95.54032,85.792835,88.250419
,2009,Wholesale,80.7,104.7,72.4,95.7
,,Retail,69.671692,86.472481,89.784044,84.90414
,2010,Wholesale,100,100,100,100
,,Retail,82.094901,84.509831,90.599531,88.400528
,2011,Wholesale,119.7,118.9,123.5,111.9
,,Retail,97.310031,101.15165,92.975435,98.88224
,2012,Wholesale,130.4,128.6,98.6,117.1
,,Retail,104.582223,109.431423,96.57869,100.796853
,2013,Wholesale,120.8,118,86.5,125.4
,,Retail,100,100,100,100
,2014,Wholesale,113.1,110.5,,107.3
,,Retail,95.118028,94.298028,100.7168,89.930046
,2015,Wholesale,87.2,104.7,,115.5
,,Retail,79.007159,89.500901,101.074915,100.586706
,2016,Wholesale,79.5,88.3,,120.9
,,Retail,72.038798,78.79446,99.720976,129.02406
,2017,Wholesale,95.025,95.275,,137.925
,,Retail,81.447238,81.880277,99.220748,139.221698
,2018,Wholesale,111.4525,109.03,,154.190833
,,Retail,91.383759,89.510198,100.381116,142.297817
,2019,Wholesale,114,95.175,,163.95
,,Retail,90.707263,84.099652,102.776004,144.62095
,2020,Wholesale,96.771667,74.333333,,158.334167
,,Retail,79.420472,71.941136,105.902614,135.333491
Canada,1978,,28.36,28.6,,31.9
,1979,,31.19,30.2,,34.6
,1980,,37.17,33.7,,37.8
,1981,Wholesale,37.8,52.4,78.2,31.4
,,Retail,50.78,42.9,,41.2
,1982,Wholesale,43.9,66.8,86.2,35.3
,,Retail,61.68,53.4,,45.8
,1983,Wholesale,46.2,70.3,86.8,37.8
,,Retail,65.67,58.8,,49.8
,1984,Wholesale,48.2,68.8,92.7,40.2
,,Retail,69.51,59.6,,53.2
,1985,Wholesale,50.8,68.9,93.4,42
,,Retail,73.76,60,,55.7
,1986,Wholesale,40.8,67.7,93.2,43.2
,,Retail,65.23,59.8,,57.6
,1987,Wholesale,38.8,65.5,93.9,45.1
,,Retail,67.86,58.5,,60
,1988,Wholesale,36,60.3,83.6,46.8
,,Retail,67.43,57.5,,62.3
,1989,Wholesale,36.7,57.5,83.9,48.6
,,Retail,71.26,54.9,,64.8
,1990,Wholesale,41.4,58,84.6,51.2
,,Retail,81.94,52.1,,68.7
,1991,Wholesale,39.9,59.1,88.2,54.7
,,Retail,81.29,57.1,,78.6
,1992,Wholesale,36.8,59.1,93.1,58.4
,,Retail,78.39,59.2,,83.7
,1993,Wholesale,36.4,62.8,96.9,60.8
,,Retail,77.38,61.5,,87.2
,1994,Wholesale,36.4,69,98.7,61.2
,,Retail,76.48,66.7,,87.7
,1995,Wholesale,38.4,56.7,96.9,61.2
,,Retail,79.62,62.6,,87.3
,1996,Wholesale,42.7,56.9,102.5,61.7
,,Retail,83.34,61.9,,88.3
,1997,Wholesale,42.5,60.1,102.8,61.8
,,Retail,85.2,66.5,,89.3
,1998,Wholesale,34.9,66.8,98.6,61.2
,,Retail,77.79,70.6,,90.1
,1999,Wholesale,40.8,75.6,102,61.7
,,Retail,84.28,77.5,,90.8
,2000,Wholesale,59.6,100.8,98.6,61.6
,,Retail,103.89,94.2,,91.3
,2001,Wholesale,56.8,150.4,99.9,65.1
,,Retail,101.41,122.1,,92.9
,2002,Wholesale,53.3,129.2,100,70.9
,,Retail,100.01,100,,100
,2003,Wholesale,58.7,135.3,98.6,76
,,Retail,107.07,130.1,,98
,2004,Wholesale,69,136.4,98,75.7
,,Retail,118.24,127.4,,102
,2005,Wholesale,85.3,144.1,100.2,82.1
,,Retail,134.6,136.3,,104.9
,2006,Wholesale,92.9,151.1,101.6,81.6
,,Retail,141.81,140.5,,110.8
,2007,Wholesale,97.9,133.2,96.6,80.9
,,Retail,148.13,131.3,,112.9
,2008,Wholesale,122.8,142.6,100.6,82.5
,,Retail,169.36,146.8,,113.2
,2009,Wholesale,88.3,111.3,104.8,79.9
,,Retail,137.5,117.3,,115.2
,2010,Wholesale,100,100,105.5,85.1
,,Retail,150.93,115.2,,120.7
,2011,Wholesale,126,86.8,109.1,89.2
,,Retail,181.73,111.4,,124.3
,2012,Wholesale,131.9,63.8,110.2,91.8
,,Retail,186.76,99.9,,129.4
,2013,Wholesale,134.7,70.3,,97.1
,,Retail,187.74,106.8,,132.3
,2014,Wholesale,135.8,84.8,,100
,,Retail,189.11,124.7,,138.4
,2015,Wholesale,105.6,70.7,,103.2
,,Retail,157.28,116.7,,142.9
,2016,Wholesale,95.9,62.2,,106.1
,,Retail,146.85,104.4,,151.1
,2017,Wholesale,108.7,67.6,,107.2
,,Retail,164.45,114.1,,142.7
,2018,Wholesale,125.6,64.8,,111.5
,,Retail,186,109.7,,142.8
,2019,Wholesale,119.366667,65.091667,,114.7667
,,Retail,175.748667,114.441667,,145.8167
,2020,Wholesale,88.908333,59.025,,114.4325
,,Retail,150.620325,116.94,,145.724175
Chile,2014,,108.0598727,106.4058333,111.6466667,101.2633333
,2015,,91.860979,90.749167,124.3275,118.274167
,2016,,86.852484,95.085833,129.375,129.501667
,2017,,91.564389,103.005833,132.73,129.225
,2018,,100.0762909,115.4425,133.6791667,129.7708333
Colombia,2011,,90.04,58.62,,70.52
,2012,,91.19,59.2,,69.96
,2013,,88.29,61.37,,71.54
,2014,,89.87,66.72,,77.96
,2015,,83.27,79.65,,84.94
,2016,,84.79,86.62,,90.03
,2017,,93.22,94.49,,91.9
,2018,,100,100,,100
,2019,,101.9,105.28,,105.62
,2020,,89.17,101.33,,107.9
Czech Republic,1978,Wholesale,,13.6,24.833887,
,,Retail,20.2,3.5,4.5,11.5
,1979,Wholesale,,14.8,26.162791,
,,Retail,20.2,5.2,6.7,12.1
,1980,Wholesale,,16,27.574751,
,,Retail,20.2,5.2,6.7,12.7
,1981,Wholesale,,20.8,31.146179,
,,Retail,25,5.2,6.7,12.6
,1982,Wholesale,,25.6,34.302326,12.523715
,,Retail,25,5.2,6.7,12.5
,1983,Wholesale,,30.4,37.956811,13.163224
,,Retail,25,5.2,6.7,12.3
,1984,Wholesale,,34.8,41.528239,13.856026
,,Retail,25,5.2,6.7,12.2
,1985,Wholesale,,40,45.182724,14.495534
,,Retail,25,5.2,6.7,12
,1986,Wholesale,,40,46.013289,14.708704
,,Retail,25,5.2,6.7,11.9
,1987,Wholesale,,40,46.92691,14.921874
,,Retail,25,5.2,6.7,11.8
,1988,Wholesale,,40,46.92691,14.975166
,,Retail,25,5.3,6.7,11.7
,1989,Wholesale,,28.6,50.166113,15.241628
,,Retail,25,5.2,6.7,11.7
,1990,Wholesale,,33.1,48.754153,17.639786
,,Retail,33.8,5.2,6.7,11.7
,1991,Wholesale,,76.2,71.428571,40.608812
,,Retail,51.6,9.9,15.3,13.3
,1992,Wholesale,,91.1,77.906977,48.549381
,,Retail,52.1,12.2,19.5,19.9
,1993,Wholesale,,93.8,84.634552,49.988276
,,Retail,59.1,12.8,22.8,20.9
,1994,Wholesale,,99.6,82.55814,53.079235
,,Retail,60.825,13.575,24.3,22.025
,1995,Wholesale,,100,83.1,53.28068
,,Retail,60.6,14.975,29.05,24.425
,1996,Wholesale,,,86.3,54.131227
,,Retail,63.775,16.6,31.6,27.1
,1997,Wholesale,,,92.9,54.921021
,,Retail,68.625,19.4,36.025,31.5
,1998,Wholesale,,,98.2,57.290401
,,Retail,68.475,27.4,46.075,43.9
,1999,Wholesale,,,104.9,58.748481
,,Retail,72.525,30.7,49.275,48.6
,2000,Wholesale,,,100,60.753341
,,Retail,90.5,35.3,50.375,56
,2001,Wholesale,,,102.2,64.337789
,,Retail,85.825,46.25,51.55,64.3
,2002,Wholesale,,,101.9,67.314702
,,Retail,77.725,46.9,53.025,70.3
,2003,Wholesale,,,102.2,65.249089
,,Retail,78.8,47.425,54.125,66.975
,2004,Wholesale,,,107.8,68.408262
,,Retail,85.2,47.925,56.45,68.25
,2005,Wholesale,,,126.4,74.422843
,,Retail,91.225,54.125,58.375,71
,2006,Wholesale,,,125.6,81.044957
,,Retail,94,64.425,62.775,77.4
,2007,Wholesale,,,,88.5
,,Retail,93.6,61.3,73.6,83.5
,2008,Wholesale,,,,98.4
,,Retail,97.3,76.1,87.4,91.4
,2009,Wholesale,,,,109.7
,,Retail,85.8,80.9,90.7,102.1
,2010,Wholesale,,,,105.9
,,Retail,100.4,78.9,92.4,99.3
,2011,Wholesale,,,,111.2
,,Retail,110.3,88.2,95.7,104
,2012,Wholesale,,,,112.4
,,Retail,117,103.1,96.3,108.4
,2013,Wholesale,,,,115.9
,,Retail,115.4,99.6,98.2,111.9
,2014,Wholesale,,,,102.8
,,Retail,115.6,97,99.3,100.4
,2015,Wholesale,,,,100
,,Retail,100,100,100,100
,2016,Wholesale,,,,93.8
,,Retail,91.3,95.2,101.1,101.2
,2017,Wholesale,,,,91.8
,,Retail,97.3,92.6,106.5,101.5
,2018,Wholesale,,,,94.2
,,Retail,103.3,91.8,110.5,105.9
,2019,Wholesale,,,,104.2
,,Retail,102.8,94.8,111.5,117.2
,2020,Wholesale,,,,113.6
,,Retail,91.1,94.5,111.4,125.5
Denmark,1981,Wholesale,41.4,,,
,1982,,46.8,,,
,1983,,45.6,,,
,1984,,47.1,,,
,1985,,48.8,,,
,1986,,29.5,,,
,1987,,27,,,
,1988,,26.6,,,
,1989,,30.8,,,
,1990,,33.3,,,
,1991,,32.6,,,
,1992,,28.7,,,
,1993,,29,,,
,1994,,27.4,,,
,1995,,26.4,,,
,1996,,31,,,
,1997,,32.2,,,
,1998,,26.8,,,
,1999,,32.4,,,
,2000,,50.5,,,
,,Retail,70.3,87.5,81.2,64.1
,2001,Wholesale,46,,,
,,Retail,69.1,89.6,81.8,68.2
,2002,Wholesale,43.8,,,
,,Retail,68.9,82.6,82.4,71.1
,2003,Wholesale,46.6,,,
,,Retail,70.2,85.4,83,73
,2004,Wholesale,52.4,,,
,,Retail,73.8,91.3,82.9,73.1
,2005,Wholesale,70.3,,,
,,Retail,82.1,106,81.6,75.8
,2006,Wholesale,80.1,,,
,,Retail,87.3,112.1,84.3,80.5
,2007,Wholesale,81.7,,,
,,Retail,87.8,105.5,86.7,80.9
,2008,Wholesale,100.7,,,
,,Retail,96.8,119.1,86.6,88.6
,2009,Wholesale,73.3,,,
,,Retail,86.3,102.5,90,86.6
,2010,Wholesale,96,,,
,,Retail,99,116.8,95.2,87.7
,2011,Wholesale,120.2,,,
,,Retail,112.1,122.1,102.1,96.1
,2012,Wholesale,132.5,,,
,,Retail,119,116,101.2,97.1
,2013,Wholesale,128.1,,,
,,Retail,116,115.1,102.8,96.9
,2014,Wholesale,120.2,,,
,,Retail,112.4,110.6,101.5,99.1
,2015,Wholesale,100,,,
,,Retail,100,100,100,100
,2016,Wholesale,89.5,,,
,,Retail,94,91.3,100.4,100.5
,2017,Wholesale,104.2,,,
,,Retail,99.3,94.6,98.4,98.5
,2018,Wholesale,121.9,,,
,,Retail,106.3,101.8,100.7,101.1
,2019,Wholesale,121.6,,,
,,Retail,107,92.2,102.6,96.6
,2020,Wholesale,79.9,,,
,,Retail,96.6,86.3,102.1,92.3
Estonia,1996,,26.2,17,24.3,17.6
,1997,,32,21.5,25.2,22.8
,1998,,35.5,26.9,25.4,26.9
,1999,,41,34.2,28.4,31
,2000,,55.3,36.6,27.8,31
,2001,,56.2,37.8,29.8,39.1
,2002,,54.2,43.4,32.6,49
,2003,,54.6,42,35,52.7
,2004,,62.4,43,41.5,52.7
,2005,,74.6,45.4,53.2,58.6
,2006,,80.3,56.4,66,60
,2007,,81.3,71.5,82.8,60.5
,2008,,98.7,86.7,100,64.3
,2009,,84.4,89.5,82.5,71.1
,2010,,101.6,97.3,87.9,75.9
,2011,,114.8,100.3,102.6,78.2
,2012,,125.1,116.6,102.9,86.6
,2013,,120.3,117.8,102.3,111.4
,2014,,115.8,113.4,100.5,104.5
,2015,,100,100,100,100
,2016,,96.2,83.9,97.5,102
,2017,,109,91.2,96.7,102.8
,2018,,121.8,97.3,111.5,114
,2019,,122.8,104.2,122.7,114.7
,2020,,109.7,104.7,120.6,102.7
Finland,1979,,55.68054,,,61.275089
,1980,Wholesale,80.872914,,77.970012,77.526754
,,Retail,87.851519,,,65.879575
,1981,Wholesale,104.107831,,121.799308,94.649227
,,Retail,109.898763,,,76.269185
,1982,Wholesale,108.985879,,125.490196,100.832342
,,Retail,112.598425,,,83.234947
,1983,Wholesale,116.431322,,109.342561,93.222354
,,Retail,120.472441,,,82.290437
,1984,Wholesale,118.100128,,105.305652,90.011891
,,Retail,124.184477,,,81.227863
,1985,Wholesale,121.56611,,122.72203,95.124851
,,Retail,125.534308,,,83.353011
,1986,Wholesale,80.102696,,110.726644,94.887039
,,Retail,81.889764,,,86.422668
,1987,Wholesale,77.278562,,86.043829,95.362664
,,Retail,76.827897,,,92.089728
,1988,Wholesale,74.582798,,82.00692,93.460166
,,Retail,69.966254,,,91.735537
,1989,Wholesale,83.183569,,96.078431,94.173603
,,Retail,82.339708,,,93.152302
,1990,Wholesale,100,,99.994167,100
,,Retail,100,,,100
,1991,Wholesale,100.770218,,100.7975,102.140309
,,Retail,101.912261,,,103.305785
,1992,Wholesale,106.033376,,109.2075,104.042806
,,Retail,107.76153,,,106.375443
,1993,Wholesale,127.214377,,109.025,110.820452
,,Retail,130.146232,,,116.174734
,1994,Wholesale,125.288832,,106.799167,112.247325
,,Retail,121.372329,,,114.876033
,1995,Wholesale,127.6,,113.003333,119.3
,,Retail,112.5,,,117.9
,1996,Wholesale,142.5,,116.3,124.2
,,Retail,128.5,,,127.2
,1997,Wholesale,150,,132.3,127.6
,,Retail,140.9,,,130.1
,1998,Wholesale,141.8,,140.2,126.4
,,Retail,122.5,,,130.6
,1999,Wholesale,154.5,,126.3,121.8
,,Retail,138.2,,,126.9
,2000,Wholesale,202.4,,150.6,121
,,Retail,205.8,,,124.7
,2001,Wholesale,192.7,,173.6,137.3
,,Retail,190.5,,,127
,2002,Wholesale,190.4,,169.5,147.7
,,Retail,174,,,133.1
,2003,Wholesale,196,,151.9,165
,,Retail,186.1,,,148.9
,2004,Wholesale,205.3,,170.3,171.1
,,Retail,210.9,,,149.5
,2005,Wholesale,238.1,,192.7,167
,,Retail,276.8,,,146.8
,2006,Wholesale,258.9,,183.8,201.1
,,Retail,305.8,,,154.8
,2007,Wholesale,261.9,,184.7,194
,,Retail,302.1,,,163.1
,2008,Wholesale,312.2,,255,219.3
,,Retail,399,,,184.3
,2009,Wholesale,265.2,,266.6,240.4
,,Retail,284.1,,,195.7
,2010,Wholesale,323.7,,260.3,276.1
,,Retail,369.4,,,206.6
,2011,Wholesale,386.425,,441.725,299.85
,,Retail,508.25,,,239.85
,2012,Wholesale,431.475,,435.3,278.625
,,Retail,538.675,,,235.75
,2013,Wholesale,415.9,,412.7,288.9
,,Retail,525,,,238.4
,2014,Wholesale,397.1,,396.5,272.9
,,Retail,484.6,,,238.6
,2015,Wholesale,324.9,,420.4,268.6
,,Retail,410.1,,,239.7
,2016,Wholesale,312.75,,442.16,273.31
,,Retail,397.35,,,240.1
,2017,Wholesale,338.5,,510.5,278.2
,,Retail,436.8,,,250.8
,2018,Wholesale,376.4,,546.3,318
,,Retail,495.2,,,260.2
,2019,Wholesale,373.95,,524.3,321.275
,,Retail,490.875,,,279.2
,2020,Wholesale,311.6,,464.3,266.5
,,Retail,385.2,,,280.2
France,1978,,,24.3,22.3,31.5
,1979,,,26.2,28.9,35.1
,1980,,30.8,33.6,35.8,42.2
,1981,,36.8,43.5,41.5,46.8
,1982,,42.4,50.6,45.8,54.6
,1983,,45.7,56,49.9,61.3
,1984,,49.3,60.1,54.3,67
,1985,,54.2,64.6,57.7,69.9
,1986,,43.9,59.3,59.3,69.1
,1987,,43.6,47.8,59.5,68.8
,1988,,42.8,47.5,57.4,69.2
,1989,,46.5,46.8,57,69.1
,1990,,49.015,48.2825,58.4525,71.168333
,1991,,49.586667,51.255833,60.643333,73.175833
,1992,,48.066667,50.64,62.535833,74.7925
,1993,,49.538333,49.45,63.6025,75.7825
,1994,,50.763333,48.803333,64.3825,76.2375
,1995,,52.336667,48.419167,65.315833,76.893333
,1996,,56.431667,48.539167,66.673333,77.73
,1997,,58.715833,50.601667,67.625833,76.045833
,1998,Wholesale,33.758333,,,
,,Retail,56.163333,51.365,68.6475,74.366667
,1999,Wholesale,40.85,,,
,,Retail,58.8075,47.255,69.418333,71.019167
,2000,Wholesale,70.25,48.85,,78.066667
,,Retail,71.668333,49.245833,70.763333,69.538333
,2001,Wholesale,62.166667,57.383333,,77.808333
,,Retail,67.691667,58.78,72.509167,69.178333
,2002,Wholesale,59.391667,55.5,,78.6
,,Retail,65.506667,59.03,74.699167,69.78
,2003,Wholesale,60.925,58.808333,59.441667,79.4
,,Retail,67.623333,60.306667,76.168333,70.576667
,2004,Wholesale,71.258333,56.358333,72.541667,80.5
,,Retail,73.526667,57.115833,78.2825,71.56
,2005,Wholesale,94.391667,66.233333,89.833333,80.5
,,Retail,84.851667,60.98,79.728333,71.54
,2006,Wholesale,106.533333,80.541667,88.966667,81
,,Retail,90.583333,71.485833,82.356667,71.979167
,2007,Wholesale,108.441667,79.191667,88.358333,82.133333
,,Retail,91.9925,73.88,85.095,72.995833
,2008,Wholesale,133.733333,97.95,108.683333,83.708333
,,Retail,105.796667,81.958333,87.6125,74
,2009,Wholesale,84.775,83.15,104.191667,86.35
,,Retail,85.594167,79.704167,89.340833,75.365833
,2010,Wholesale,113.291667,92.033333,118.975,89.1
,,Retail,97.99,85.17,91.088333,77.169167
,2011,Wholesale,144.758333,105.125,133.65,93.783333
,,Retail,113.405833,92.415,93.2625,82.195833
,2012,Wholesale,159.433333,114.016667,133.741667,98.433333
,,Retail,120.0025,98.965,95.881667,84.731667
,2013,Wholesale,149.816667,116.516667,125.225,99.041667
,,Retail,117.138333,102.799167,96.3275,90.276667
,2014,Wholesale,136.641667,106.975,104.266667,97.4
,,Retail,112.114167,102.203333,99.133333,95.411667
,2015,Wholesale,100,100.008333,99.991667,100
,,Retail,100,100.000833,100,100.0025
,2016,Wholesale,84.833333,82.416667,96.458333,97.525
,,Retail,94.709167,91.604167,100.6175,103.1225
,2017,Wholesale,101.858333,86.95,112.891667,99.891667
,,Retail,104.488333,96.146667,100.926667,103.571667
,2018,Wholesale,124.966667,96.55,116.4,103.308333
,,Retail,120.02,108.155833,101.383333,104.904167
,2019,Wholesale,120.391667,86.475,128.741667,108.975
,,Retail,120.841667,110.708333,103.884167,108.994167
,2020,Wholesale,76.975,70.325,104.083333,110.708333
,,Retail,106.475,98.145833,106.6675,115.4825
Germany,1978,Wholesale,78.5,80.2,55.8,67.9
,1979,,111.7,,58,70
,1980,,135.3,102.6,66.8,73.3
,1981,,162.5,140.2,75.7,81.4
,1982,,167.7,164.4,81,88.9
,1983,,158.9,160.5,83.5,91.2
,1984,,170.5,166.4,86.4,93.4
,1985,,173.3,175,87.4,95.6
,1986,,99.2,150,87.9,98.8
,1987,,91.1,95,88.7,101.6
,1988,,81.7,85.4,90,102.4
,1989,,100.1,88.2,91.5,104
,1990,,107.4,102,92.6,101.6
,1991,,113.1,116,93.5,100.2
,1992,,104.5,110.6,98.4,100
,1993,,104.1,105.7,99.3,100
,1994,,102.8,102,100,100.4
,1995,,100,100,100,100
,1996,,113.7,100.6,100.1,86.6
,,Retail,56.6,48.2,69.6,49.5
,1997,Wholesale,115.3,112.7,,85.8
,,Retail,58.1,50,69.9,49.8
,1998,Wholesale,98.7,107.8,,85
,,Retail,54.3,50.1,70.5,50.3
,1999,Wholesale,118.6,101.8,,81.6
,,Retail,59.3,49,71.7,52.3
,2000,Wholesale,179.9,142.9,,68.9
,,Retail,72.6,57,73.2,49.8
,2001,Wholesale,173.7,182.1,,71.8
,,Retail,72.3,69.1,73.6,51.8
,2002,Wholesale,164.17,158.78,,73.07
,,Retail,73,65.2,75,54.1
,2003,,76.2,68.5,75.9,56.8
,2004,,80.4,69.3,76.7,59.1
,2005,,89.7,76.5,77.4,61.6
,2006,,95.8,90,79,64
,2007,,98.6,92.6,80.4,68.4
,2008,,110.5,100.8,82.5,73.1
,2009,,92.6,99.3,85.8,77.6
,2010,,104.9,90.8,88.9,80.1
,2011,,120.1,95,94.6,86
,2012,,127.9,100.2,96.9,88.4
,2013,,122.5,101.4,101.2,98.9
,2014,,116.2,101.3,99.9,100.8
,2015,,100,100,100,100
,2016,,89.8,97.7,98.2,100.5
,2017,,96.1,95,99.9,102.2
,2018,,105.6,93.6,100.3,103.4
,2019,,104.9,95.9,101.6,107
,2020,,92.3,97.1,98.4,110.2
Greece,1989,Wholesale,,,18.90099676,
,,Retail,22.542,,,
,1990,Wholesale,,,21.14122103,
,,Retail,32.468,,,
,1991,Wholesale,,,24.80340082,
,,Retail,41.466,,,
,1992,Wholesale,,,30.05204857,
,,Retail,49.722,,,
,1993,Wholesale,,,33.15846397,
,,Retail,58.349,,,
,1994,Wholesale,,,38.25404376,
,,Retail,59.647,,,
,1995,Wholesale,,,42.75881178,
,,Retail,61.224,,,
,1996,Wholesale,,,46.62484305,
,,Retail,67.347,,56.245,77.805
,1997,Wholesale,,,50.0767343,
,,Retail,64.378,,58.985,78.886
,1998,Wholesale,,,55.37402015,
,,Retail,60.575,,60.838,81.629
,1999,Wholesale,,,59.09914363,
,,Retail,59.647,,63.094,75.478
,2000,Wholesale,50.81193139,67.61470082,65.401383,
,,Retail,75.788,,65.109,70.989
,2001,Wholesale,46.58512999,67.8146761,67.8740699,53.65429795
,,Retail,72.82,,68.171,73.899
,2002,Wholesale,46.83272238,62.03546465,68.68947753,55.64421963
,,Retail,71.341,,70.903,76.83
,2003,Wholesale,45.91655229,64.06154261,71.15429593,57.21009929
,,Retail,74.031,,74.207,79.158
,2004,Wholesale,55.3161629,60.52530941,71.2901972,58.29704669
,,Retail,79.69,,77.269,80.821
,2005,Wholesale,80.6487376,62.68804745,71.5269515,60.31893711
,,Retail,92.771,97.036,80.572,83.149
,2006,Wholesale,90.31448929,77.06993893,73.02114978,62.63759739
,,Retail,102.79,105.638,84.923,85.56
,2007,Wholesale,93.90658359,72.70246319,79.81120334,66.31102087
,,Retail,104.274,108.558,90.966,89.136
,2008,Wholesale,124.3910005,105.0601526,81.35475456,75.34740061
,,Retail,119.86,147.689,96.393,96.952
,2009,Wholesale,88.6507054,78.44907608,82.99701341,78.674593
,,Retail,100,100,100,100
,2010,Wholesale,117.1668903,94.80736581,87.28237213,78.79508038
,,Retail,138.27,128.033,101.034,104.814
,2011,Wholesale,151.657736,108.1885856,100.2805775,76.71978134
,,Retail,164.549359,168.045007,101.685802,110.849049
,2012,Wholesale,168.1848755,130.6840799,99.32012187,84.45239485
,,Retail,184.599011,196.863745,105.402136,127.311332
,2013,Wholesale,154.5994735,115.6223064,89.22765587,95.08273553
,,Retail,193.575678,189.007572,107.613667,146.42455
,2014,Wholesale,141.866812,119.2561055,93.62086668,102.6364868
,,Retail,185.288981,177.028718,106.436317,158.016828
,2015,Wholesale,100,100,100,100
,,Retail,156.833669,162.552224,108.135763,161.343557
,2016,Wholesale,81.30626215,67.60663451,108.1830546,95.39015242
,,Retail,144.515713,140.785863,111.70359,159.026974
,2017,Wholesale,99.14096294,86.61198902,128.0683273,93.041023
,,Retail,161.764901,160.023346,110.820995,158.12052
,2018,Wholesale,120.634002,93.436072,121.302048,91.997029
,,Retail,170.512564,163.248851,112.873274,154.736741
,2019,Wholesale,119.598066,103.59044,115.07134,94.913093
,,Retail,171.724153,161.088908,113.071072,151.346376
,2020,Wholesale,77.079722,57.108528,143.859399,100.425337
,,Retail,149.931004,116.381735,111.379334,152.723157
Hungary,1980,,12.2,20.6,,19.4
,1981,,15.5,26.3,,21.6
,1982,,18.2,31.3,,24.1
,1983,,20.5,33.2,,25.9
,1984,,20.6,33.5,,25.7
,1985,,20.3,33.9,,29.4
,1986,,20.4,34.5,,32
,1987,,20.6,34.3,,34.9
,1988,,26.6,35.5,,39.9
,1989,,28.4,35.8,,41
,1990,,42.1,50.8,,39.4
,1991,,67.4,76.4,,65.3
,1992,,76.7,82.5,,68.1
,1993,,79.8,83.2,,69.5
,1994,,81.2,83.4,,72.3
,1995,,100,100,47.1,100
,1996,,136.6,109.2,60.7,123.4
,1997,,171.9,151.971397,70.3,175.998288
,1998,,199.3,173.471593,79.9,207.485491
,1999,,244.1,177.580228,88.5,231.331931
,2000,,328,211.085229,100,244.232195
,2001,,322.9,303.707692,112.6,259.70294
,2002,,313.5,325.488764,117.8,273.200424
,2003,,327.2,301.388192,121.2,311.479266
,2004,,347.6,297.819248,131.872459,346.384847
,2005,,518.886025,342.285383,135,358.077157
,2006,,562.8,467.393715,146.2,395.58307
,2007,,550.2,610.870815,164.2,444.363201
,2008,,615,716.552428,181.6,513.451516
,2009,,586.3,721.749664,216,566.288812
,2010,,702.9,776.210167,230.2,606.342562
,2011,,817.711623,856.9,243.3,597.2
,2012,,921.613951,910.8,265.025,638.7
,2013,,968.954043,825.299846,276.7,612.7
,2014,,877.137426,768.426444,281.9,580.1
,2015,,766.755343,714.741255,289.325,562
,2016,,708.289379,634.974129,291.7,524.276664
,2017,,757.994099,610.428249,296.92319,510.564899
,2018,,835.182899,669.787208,310.9,531.105521
,2019,,839.110262,636.41,333.155096,593.11
,2020,,783.850724,599.07027,345.5,512.509834
Ireland,1978,,33.5,33.4,35.3,35.4
,1979,,40.2,39.8,38.5,39.5
,1980,,54.5,70.3,49.9,58.2
,1981,,74.3,96,62.3,72.4
,1982,,86.9,108.5,67.7,84.8
,1983,,99.7,98.5,69.3,91
,1984,,105.8,101.1,76.1,96
,1985,,111.1,111.7,88.7,101.8
,1986,,97.5,110.1,85.3,104.9
,1987,,97.1,102.7,82.8,97.9
,1988,,95.4,100.3,83.9,98
,1989,,101.3,99.4,89.1,98
,1990,,104.6,99.4,92,97.8
,1991,,104,101.2,95.7,99.5
,1992,,98.6,101.3,98.3,100
,1993,,99,100,98,100
,1994,,99.2,100,100.6,100
,1995,Wholesale,38.14739,,,54.020688
,,Retail,100,100,100,100
,1996,Wholesale,41.351075,,,54.73215
,,Retail,107.4,100,99.3,102.1
,1997,Wholesale,41.860287,,,55.569759
,,Retail,113.1,100,98.8,104.3
,1998,Wholesale,39.744115,,,55.806913
,,Retail,110,100,103.7,105.1
,1999,Wholesale,43.032242,,,55.806913
,,Retail,112.8,100,106.5,105.1
,2000,Wholesale,57.03173,,,55.907829
,,Retail,139,100,112.9,105.1
,2001,Wholesale,53.718014,,,57.789925
,,Retail,128.1,100,125.3,106.1
,2002,Wholesale,53.63869,,,63.436212
,,Retail,131.2,100,128.1,114.6
,2003,Wholesale,56.71955,,,67.24077
,,Retail,133.3,105.9,130.1,126.9
,2004,Wholesale,59.97697,,,72.432932
,,Retail,147,111.1,134.4,136
,2005,Wholesale,72.824974,,,80.914978
,,Retail,165.7,129.8,145,153.9
,2006,Wholesale,80.862334,,,86.657136
,,Retail,177.9,165.9,157.4,160.3
,2007,Wholesale,83.892016,,,96.708435
,,Retail,178.92,182.06,173.03,178.88
,2008,Wholesale,100.708803,,,99.029518
,,Retail,200.9,180.1,195.1,183.2
,2009,Wholesale,84.877175,,,97.591456
,,Retail,171.45,183.38,215.4,185.63
,2010,Wholesale,102.361822,,,100.91666
,,Retail,206.3,158.7,206.8,179.2
,2011,Wholesale,115.299386,,,114.129173
,,Retail,239.25,169.13,206.95,191.025
,2012,Wholesale,122.256909,,,118.241527
,,Retail,260.99,199.86,207.58,212.58
,2013,Wholesale,118.390481,,,121.127744
,,Retail,252.87,213.7,217.33,224.51
,2014,Wholesale,114.244285,,,107.980826
,,Retail,242.7,218.3,237,232.5
,2015,Wholesale,100,,,100
,,Retail,212.05,213.25,245.975,232.1
,2016,Wholesale,94.907028,,,82.591876
,,Retail,194.316667,208.2,244.475,223.9075
,2017,Wholesale,102.565677,,,89.151459
,,Retail,208.989167,203.233333,243,221.716667
,2018,Wholesale,109.4,,,117.4
,,Retail,225.9,213.7,245.9,237.3
,2019,Wholesale,109.358333,,,92.791667
,,Retail,224.5,229.041667,251.825,244.891667
,2020,Wholesale,96.2,,,69.4
,,Retail,206.8,218.15,257,245.6
Italy,1978,Wholesale,21.1,,26.8,
,1979,,25.1,,30.2,
,1980,,38.2,,39.5,
,1981,,51.8,,53.2,
,1982,,59.9,,61.5,
,1983,,65.2,,63.8,
,1984,,73.4,,67,
,1985,,78.3,,74.4,
,1986,,57.2,,76.4,
,1987,,59.1,,73.9,
,1988,,59.4,,74.2,
,1989,,64.8,,75.3,
,1990,,75.2,,77.5,
,1991,,81.2,,80.9,
,1992,,81.2,,83.1,
,1993,,88.3,,89.1,
,1994,,90.5,,94.5,
,1995,,100,,100,
,1996,,105.3,,107.2,
,,Retail,59.1,58.6,,66
,1997,Wholesale,107,,109.6,
,,Retail,59.9,62.7,,63.9
,1998,Wholesale,98.7,,,
,,Retail,58.3,61.9,,65
,1999,Wholesale,106.5,,,
,,Retail,60.7,60.9,,62.4
,2000,Wholesale,129.8,,,
,,Retail,68.7,67.4,,67.5
,2001,,67.2,72.4,,69.6
,2002,,66,68.9,,68.6
,2003,,67.5,72.4,,70.6
,2004,,71.4,72.5,,68.3
,2005,,79.3,78.1,,71
,2006,,84,85.4,,79.9
,2007,,84,85.4,,83.7
,2008,,92.9,93.7,91.4,91.8
,2009,,79.8,92.3,91.6,90
,2010,,89.2,90,93.6,83.9
,2011,,102.9,98,94.8,85.5
,2012,,117.6,110.1,96.1,97.5
,2013,,115.4,111.2,97,100.3
,2014,,112.7,103.7,97.7,101.2
,2015,,100,100,100,100
,2016,,93.7,91.8,99,99.3
,2017,,100.1,93.7,99,103.1
,2018,,106.6,98.9,100,107.7
,2019,,105.6,98,101.5,113
,2020,,96.9,86.9,102.6,106
Japan,1978,,62.4,52.6,,75.5
,1979,,71.9,53.8,,75.5
,1980,,96.2,72.3,,101.6
,1981,,99.7,77.2,,110.2
,1982,,107.6,77.5,,110.7
,1983,,101.3,77.7,,110.7
,1984,,96.4,77.9,,110.7
,1985,,92.6,78,,110.7
,1986,,81.8,74.6,,105.2
,1987,,74.9,69.4,,97.7
,1988,,70.7,67.8,,95.4
,1989,,71.9,68.2,,93.1
,1990,,77.7,69.8,,92.3
,1991,,81.4,72.7,,92.3
,1992,,79.5,72.9,,92.3
,1993,,79.9,73.1,,92.1
,1994,,77.9,72.4,,90.8
,1995,Wholesale,42.6,58.9,49.7,85.9
,,Retail,74.8,72.7,,90.7
,1996,Wholesale,45.1,58.9,48.3,83
,,Retail,72.4,73.2,,88
,1997,Wholesale,48.5,62.2,48.2,86.3
,,Retail,73.6,77.3,,91.1
,1998,Wholesale,45.6,61.7,49.1,82.5
,,Retail,69.2,77.6,,87.6
,1999,Wholesale,46.4,58.8,46.8,80.5
,,Retail,68.7,76.3,,85.8
,2000,Wholesale,54.5,60,44,81.2
,,Retail,72.6,77.4,,86.4
,2001,Wholesale,57.5,63,44.3,80.3
,,Retail,73.9,78.8,,85.2
,2002,Wholesale,60.4,60.3,46.4,77.6
,,Retail,71.8,78.3,,83.3
,2003,Wholesale,63.7,60.9,46,75.1
,,Retail,73.4,78.3,,81.5
,2004,Wholesale,69.2,59.8,63.1,74.6
,,Retail,76.4,78.1,,81.1
,2005,Wholesale,83.4,60.5,83.6,72.7
,,Retail,84,78.8,,79.2
,2006,Wholesale,98.9,68,80.5,73.9
,,Retail,92.8,82.6,,79.7
,2007,Wholesale,104.9,71.8,81.4,74.4
,,Retail,95.3,84,,80
,2008,Wholesale,127.7,82.8,152.9,78.2
,,Retail,108.7,89.4,,82.9
,2009,Wholesale,83.3,80.2,156.6,77.8
,,Retail,86.5,88.9,,82.4
,2010,Wholesale,97.4,75.4,142.2,74.2
,,Retail,94.2,88.2,,79.9
,2011,Wholesale,111.1,83.3,155.2,77.3
,,Retail,103,90.7,,82.2
,2012,Wholesale,113.3,95.7,125.7,84
,,Retail,104.6,94.4,,87
,2013,Wholesale,123.9,104.9,109.6,91.2
,,Retail,110.2,96.9,,93.2
,2014,Wholesale,131.4,114.9,104.2,100.8
,,Retail,116.1,102.6,,100.7
,2015,Wholesale,100,100,100,100
,,Retail,100,100,,100
,2016,Wholesale,83.4,68.8,92.8,90.3
,,Retail,88.4,90.4,,92.1
,2017,Wholesale,97.9,72.4,140.3,93.9
,,Retail,97.2,90.2,,95
,2018,Wholesale,114.9,81.2,147.1,99.5
,,Retail,107.6,93.1,,99.3
,2019,Wholesale,109.3,87.3,145.5,103.3
,,Retail,106.3,96,,102.2
,2020,Wholesale,91.8,80.2,113.6,99.9
,,Retail,100.8,94.3,,98.6
Korea,1978,Wholesale,9.7,,8.4,21.4
,,Retail,,,11.5,48.3
,1979,Wholesale,13.5,,10,31.2
,,Retail,,,14.8,50.6
,1980,Wholesale,28,,13.8,50.7
,,Retail,,39,20.1,54.2
,1981,Wholesale,37.7,,18.9,63.7
,,Retail,,53.2,26.3,67.6
,1982,Wholesale,40.8,,21.8,69
,,Retail,,53.6,29.8,75.4
,1983,Wholesale,38.6,,22.6,67.4
,,Retail,,50.7,30.3,74.1
,1984,Wholesale,37.9,,23.3,67
,,Retail,,49.4,30.3,73.4
,1985,Wholesale,37.7,83.6,24.7,67
,,Retail,35.9,49.4,31.7,73.4
,1986,Wholesale,30.6,44.9,26.3,64.9
,,Retail,30.9,45.6,33.6,72.3
,1987,Wholesale,28.5,45.3,27.8,62.6
,,Retail,29.2,41.8,35.1,72.1
,1988,Wholesale,22.2,35.5,29.4,57.2
,,Retail,24.3,35.8,36.5,71.5
,1989,Wholesale,19.8,28,30,53.5
,,Retail,23.2,31.5,37.1,68.6
,1990,Wholesale,20.1,35.9,30,50.1
,,Retail,23.2,30.9,37.6,67.9
,1991,Wholesale,21.6,33.4,30,50
,,Retail,28,30.6,40.2,72.3
,1992,Wholesale,22.9,32,30,53.2
,,Retail,32.2,31.1,42.1,80.3
,1993,Wholesale,24.3,27.6,30,53.5
,,Retail,35.2,32.3,43.9,81.3
,1994,Wholesale,24.1,25.4,30,53.5
,,Retail,34.5,31.6,46.4,81.3
,1995,Wholesale,25.8,26,30,55.3
,,Retail,35.1,31.9,47.7,81.7
,1996,Wholesale,31.2,30.8,30,56
,,Retail,40.1,32.9,49,82
,1997,Wholesale,39.6,35.6,30.5,57.7
,,Retail,50.2,35.7,49.6,84
,1998,Wholesale,54.4,40.7,33.7,63.2
,,Retail,67,48.8,55.8,91.8
,1999,Wholesale,51.8,40.4,38.9,63.8
,,Retail,70.8,45.6,55.4,92.6
,2000,Wholesale,61.6,60,44.7,67.1
,,Retail,75.1,52.1,55.1,93
,2001,Wholesale,65.2,61.4,44.7,69.3
,,Retail,77.6,61.8,55.3,97.3
,2002,Wholesale,66.4,57.3,44.7,69.1
,,Retail,77.6,55.4,55.3,95.9
,2003,Wholesale,73.9,65,47,69.1
,,Retail,80,58.3,56.6,92.8
,2004,Wholesale,83.5,73.5,49.3,68.1
,,Retail,84.9,60.1,58.6,90.4
,2005,Wholesale,93.8,89.9,53.8,67.9
,,Retail,89.8,62.9,60.4,89.6
,2006,Wholesale,103.8,96.7,58.2,69.4
,,Retail,95.5,72,61.6,91
,2007,Wholesale,109.3,95.3,64,71.7
,,Retail,98.5,75.5,66.2,91.3
,2008,Wholesale,144.5,83.2,72.2,71.7
,,Retail,115.5,80.9,78.3,91.3
,2009,Wholesale,122.1,107.7,82,75.9
,,Retail,104.9,86.2,85.4,91.3
,2010,Wholesale,138.4,112.4,86.8,78.9
,,Retail,114.2,89.7,99.1,92.1
,2011,Wholesale,175.6,126.8,92.2,81.8
,,Retail,129.2,97.7,99.1,94
,2012,Wholesale,184,134.6,99.8,88.9
,,Retail,133.9,105.2,99.2,95.9
,2013,Wholesale,172.6,130.5,99.9,95.8
,,Retail,129.2,111.7,99.8,99.5
,2014,Wholesale,155.3,125.6,100.6,100.5
,,Retail,123.4,118.8,100,101.7
,2015,Wholesale,100,100,100,100
,,Retail,100,100,100,100
,2016,Wholesale,84.6,86.9,102,99.2
,,Retail,92.1,82.7,103.1,95.9
,2017,Wholesale,101.3,94.5,109.5,98.6
,,Retail,99.2,85.6,113.6,89.8
,2018,Wholesale,120.9,97.7,118.3,98.3
,,Retail,105.9,81.9,130.5,87.2
,2019,Wholesale,115.7,101.4,126.1,98.3
,,Retail,99.5,84.8,148.4,87.4
,2020,Wholesale,84.725,79.2,126.1,98.325
,,Retail,90.125,81.825,148.55,87.375
Luxembourg,1995,,45.978429,48.16877,80.575496,72.715187
,1996,,49.212635,49.583128,81.715446,74.4232
,1997,,51.570446,52.25318,82.546233,75.176114
,1998,,47.872903,52.789504,83.778795,75.329922
,1999,,49.992885,49.790138,85.018167,75.551331
,2000,,65.260331,55.90539,87.658301,74.580729
,2001,,64.213635,64.89853,90.664798,72.898144
,2002,,59.998571,58.693615,88.45572,74.656392
,2003,,61.138372,59.726597,88.429843,76.79792
,2004,,68.908265,60.34308,88.749901,78.589659
,2005,,81.70425,67.558252,91.192553,85.45892
,2006,,90.23638,83.02684,92.413773,91.457424
,2007,,91.692413,81.983065,94.344775,96.333567
,2008,,107.931948,100.249127,93.522522,95.151386
,2009,,85.95755,91.304978,94.959565,104.531214
,2010,,98.346057,94.285422,96.11923,100.597968
,2011,,114.838997,106.444219,97.674063,98.987067
,2012,,124.54799,116.266063,99.070829,100.986806
,2013,,121.125196,120.583035,101.519349,98.58541
,2014,,114.219375,105.468565,102.467752,98.371763
,2015,,100,100,100,100
,2016,,89.6,91,103.6,97.1
,2017,,97.4625,92.29,108.4225,93.605
,2018,,117.75,97.85,113.275,97.9
,2019,,114.275,100.55,116.675,103.9
,2020,,80.3,93.7,118.6,114.1
Mexico,1990,Wholesale,4.094002,,,8.787399
,,Retail,,,,7.715103
,1991,Wholesale,4.996612,,,10.752229
,,Retail,,,,11.167125
,1992,Wholesale,6.33883,,,12.203822
,,Retail,,,,13.126175
,1993,Wholesale,7.121061,,,11.947968
,,Retail,,,,13.82292
,1994,Wholesale,7.848021,16.713401,16.155871,11.677998
,,Retail,,,,14.687127
,1995,Wholesale,11.577744,24.277658,25.09888,13.898896
,,Retail,,,,18.277762
,1996,Wholesale,16.101654,43.175167,31.500367,18.439547
,,Retail,,,,23.521385
,1997,Wholesale,19.484632,48.916574,34.579611,24.441201
,,Retail,,,,27.560063
,1998,Wholesale,21.6306,46.830693,39.341478,27.668167
,,Retail,,,,31.426241
,1999,Wholesale,26.439471,52.164513,44.195109,31.396935
,,Retail,,,,35.598046
,2000,Wholesale,32.509139,84.867061,50.719407,36.599241
,,Retail,,,,39.758015
,2001,Wholesale,33.676845,91.293423,54.662493,36.937455
,,Retail,,,,43.406126
,2002,Wholesale,35.126556,70.96146,58.028558,40.492659
,,Retail,,,,55.842084
,2003,Wholesale,39.288895,135.508965,63.189165,49.332879
,,Retail,,,,61.592496
,2004,Wholesale,42.96338,177.472927,67.492936,56.896216
,,Retail,,,,67.028417
,2005,Wholesale,49.400437,196.998882,72.224057,61.744499
,,Retail,,,,68.026229
,2006,Wholesale,55.884902,186.184122,74.35246,69.381972
,,Retail,,,,72.65617
,2007,Wholesale,59.699274,206.813037,80.63524,72.169912
,,Retail,,,,75.05362
,2008,Wholesale,70.869582,275.455181,93.206198,84.890148
,,Retail,,,,81.334776
,2009,Wholesale,67.711924,213.327278,94.829136,76.421333
,,Retail,,,,81.62893
,2010,Wholesale,76.874123,187.15026,92.973556,87.417495
,,Retail,,,,87.433417
,2011,Wholesale,90.046034,156.376488,94.909604,95.866319
,,Retail,103.971,104.269,,89.0345
,2012,Wholesale,99.481578,106.348724,99.697802,101.404129
,,Retail,113.435417,98.791917,,91.46125
,2013,Wholesale,101.393212,129.105265,110.975295,104.031331
,,Retail,123.335833,109.823833,,89.781083
,2014,Wholesale,106.75,161.05,121.925,112.033978
,,Retail,135.275,119.475,,92.747833
,2015,Wholesale,98.242771,117.472225,138.154512,92.530437
,,Retail,142.256833,108.8225,,90.958583
,2016,Wholesale,85.1,145.6,145.6,94.7
,,Retail,140.7,118.4,,89.8
,2017,Wholesale,119.787963,194.98769,162.918325,118.769426
,,Retail,162.652708,139.013708,,93.0025
,2018,Wholesale,142.5,234.5,192.5,137.3
,,Retail,99.2,98.2,,122.3
Netherlands,1996,,77.859649,80.164671,,77.32426
,1997,,82.587719,90.853293,,79.635897
,1998,,81.175439,91.616766,,79.924852
,1999,,85.535088,88.944611,,85.530572
,2000,Wholesale,100,,,100
,,Retail,99.842105,99.696856,,99.74714
,2001,Wholesale,91,,,98
,,Retail,99.166667,116.429641,,112.172189
,2002,Wholesale,85,,,94
,,Retail,98.184211,125.527695,,115.119527
,2003,Wholesale,87,,,99
,,Retail,99.4,139.05,,118.225
,2004,Wholesale,102,,,96
,,Retail,107.3,143.4,,123.2
,2005,Wholesale,133.3325,,,110
,,Retail,117.175,168.6575,,133.86
,2006,Wholesale,151.4,,,140.2425
,,Retail,122.725,186.95,,144.0175
,2007,Wholesale,153.325,,,145.25
,,Retail,126.6125,196.2375,,148.2425
,2008,Wholesale,183.74,,,161.165
,,Retail,134.7,225.5025,,126.2
,2009,Wholesale,142.5,,,148.2025
,,Retail,121.85,219.875,,135.5
,2010,Wholesale,186.5,,,142.5
,,Retail,136,200.9,,126.4
,2011,Wholesale,232.7,,,143.2
,,Retail,149.8,215.8,,130.2
,2012,Wholesale,257.5175,,,143.075
,,Retail,160.75,231.325,,136.4
,2013,Wholesale,241.3,,,138.4
,,Retail,158.425,236.15,,141.375
,2014,Wholesale,224.35,,,129.875
,,Retail,155.55,233.225,,139.825
,2015,Wholesale,164.2,,,105.7
,,Retail,141.45,224.025,,138.65
,2016,Wholesale,141.125,,,105
,,Retail,115.775,188.875,,122.8
,2017,Wholesale,167.1,,,104.95
,,Retail,122.625,192.8,,124.125
,2018,Wholesale,196.55,,,110.325
,,Retail,129.45,207.2,,143.6
,2019,Wholesale,187.95,,,109.825
,,Retail,131.8,229.225,,166.05
,2020,Wholesale,128.825,,,96.7
,,Retail,124.1,235.175,,100.225
New Zealand,1981,,29.609902,13.686349,20.01465,13.510821
,1982,,33.906045,13.301449,24.888274,15.339099
,1983,,35.88549,12.47966,26.166704,15.76224
,1984,,39.595494,12.460108,26.647597,16.005619
,1985,,47.036533,13.54794,32.518318,18.949078
,1986,,42.421818,15.993582,38.927313,22.242687
,1987,,46.067393,18.303266,44.720673,26.705719
,1988,,45.574769,20.908808,46.414947,28.752524
,1989,,45.87041,23.288609,47.277417,30.217706
,1990,,48.992711,24.245671,47.471633,31.233185
,1991,,50.239372,26.511804,48.575595,33.16057
,1992,,50.83155,26.950117,49.040806,34.668312
,1993,,50.379978,29.156223,48.552828,36.787067
,1994,,47.985009,31.771542,47.733715,39.161819
,1995,Wholesale,43.2,97.9,97.6,94.6
,,Retail,47.997182,35.558376,49.695375,40.834512
,1996,Wholesale,43.9,98.7,100.2,97.2
,,Retail,48.228465,37.838051,51.514368,43.026969
,1997,Wholesale,43.8,99.5,100.2,99
,,Retail,48.325847,40.534277,53.583027,44.869767
,1998,Wholesale,41.9,100.2,99.6,99.5
,,Retail,45.355694,42.768509,54.082359,46.164451
,1999,Wholesale,43.3,100.9,100,96.2
,,Retail,45.649496,43.370722,54.135502,47.036491
,2000,Wholesale,56,103.1,99.9,92.9
,,Retail,56.943964,45.138325,55.379396,47.459361
,2001,Wholesale,58.9,109.1,101.4,95.3
,,Retail,55.798167,47.295435,58.075156,47.423838
,2002,Wholesale,57.8,113.8,105.7,100.8
,,Retail,54.857748,50.053531,60.524603,49.792069
,2003,Wholesale,57.4,125.6,113.1,104.4
,,Retail,56.025164,53.895547,61.728801,52.977341
,2004,Wholesale,61.8,143.4,127.9,114.5
,,Retail,62.078433,60.130775,63.84983,57.867739
,2005,Wholesale,72.3,159,143.7,126.3
,,Retail,70.271965,65.110371,68.461359,62.130556
,2006,Wholesale,86.8,169,156.2,134.8
,,Retail,82.704352,70.746867,72.649366,65.957275
,2007,Wholesale,90.6,187.3,177.4,124.6
,,Retail,82.142857,76.331259,74.819234,70.328947
,2008,Wholesale,113.5,190.5,193.3,160.6
,,Retail,96.361607,85.563624,75.994215,75.115132
,2009,Wholesale,91.5,193.3,211,147.7
,,Retail,85.446429,87.569156,78.524946,78.733553
,2010,Wholesale,99.1,188.3,219.1,147.8
,,Retail,94.196429,91.390041,80.422994,81.134868
,2011,Wholesale,117.2,188,227.1,147
,,Retail,109.709821,94.692255,82.989877,85.3125
,2012,Wholesale,121.8,182.5,236.4,158.6
,,Retail,111.71875,94.623098,85.394071,88.601974
,2013,Wholesale,115.2,179.9,243.6,157.9
,,Retail,112.254464,94.260028,85.249458,91.957237
,2014,Wholesale,108.3,169,260,156.8
,,Retail,111.473214,96.334717,87.798265,95.328947
,2015,Wholesale,80.8,166.8,,154.2
,,Retail,101.09375,95.954357,90.220535,96.282895
,2016,Wholesale,64.4,172.7,,150.6
,,Retail,94.665179,98.962656,93.691251,97.911184
,2017,Wholesale,75.3,174,,154.1
,,Retail,101.141964,100.361445,98.972325,99.7875
,2018,Wholesale,91.425,178.6,,159.475
,,Retail,112.525,101.95,104.675,102.325
,2019,Wholesale,89.725,189.9,,163.7
,,Retail,112.525,104.275,109.95,104.025
,2020,Wholesale,67.225,197.02,,167.45
,,Retail,103.025,105.5,115.175,105.25
Norway,1978,Wholesale,,,53,33
,1979,,,,64.8,35.2
,,Retail,16.3,,32,14.9
,1980,Wholesale,,,90.2,38.8
,,Retail,21.9,,37.1,16.7
,1981,Wholesale,,,106.3,44.5
,,Retail,26.1,,41.2,19.6
,1982,Wholesale,,,108.4,51.2
,,Retail,27.9,,43.9,23.3
,1983,Wholesale,,,106.3,59.7
,,Retail,29.8,,46,27.3
,1984,Wholesale,,,108.4,66.7
,,Retail,31.3,,46.6,30.6
,1985,Wholesale,,,120.1,72.1
,,Retail,31.5,,47,33.9
,1986,Wholesale,,,102.2,78.3
,,Retail,28.8,,47.1,36.7
,1987,Wholesale,,,96.9,85
,,Retail,30.8,,53.6,39.5
,1988,Wholesale,,,95.7,92.7
,,Retail,32,,55.4,43.2
,1989,Wholesale,,,103.4,97.8
,,Retail,34.3,,54.8,44.8
,1990,Wholesale,,,112.1,103.6
,,Retail,38.1,,55,47.8
,1991,Wholesale,,,108,106.7
,,Retail,44,,55.2,48.6
,1992,Wholesale,,,102,106.5
,,Retail,46.3,,59.5,48
,1993,Wholesale,,,102,101.5
,,Retail,48.7,,62.2,49.5
,1994,Wholesale,,,101.1,100
,,Retail,49.2,,64.6,49
,1995,Wholesale,,,100,100
,,Retail,51.9,,63.9,52.4
,1996,Wholesale,,,106.4,100
,,Retail,53,,69.8,54.7
,1997,Wholesale,,,107.5,
,,Retail,56.7,,63.7,56.7
,1998,Wholesale,,,101.9,
,,Retail,56.5,,60.2,52.4
,1999,Wholesale,,,100.8,
,,Retail,60.3,,61,51.4
,2000,Wholesale,61.7,,104.6,
,,Retail,69.5,,73.4,54.2
,2001,Wholesale,59.8,,109.2,
,,Retail,64.6,,76.7,69.3
,2002,Wholesale,49.8,,102,
,,Retail,62.2,,78.2,68.2
,2003,Wholesale,55.4,,102,
,,Retail,63.8,,81.2,93.2
,2004,Wholesale,63.1,,,
,,Retail,68,,78.2,85.1
,2005,Wholesale,76.1,,,
,,Retail,73.9,,75.7,83
,2006,Wholesale,82.6,,,
,,Retail,79.7,,81,106.2
,2007,Wholesale,84.5,,,
,,Retail,81.6,,83.7,83.4
,2008,Wholesale,102.9,,,
,,Retail,89.6,,87.9,105.9
,2009,Wholesale,87.5,,,
,,Retail,84.1,,95.8,102.3
,2010,Wholesale,100.2,,,
,,Retail,91.5,,97.2,124.1
,2011,Wholesale,123,,,
,,Retail,100.9,,100.5,118.6
,2012,Wholesale,131.8,,,
,,Retail,105.6,,98.3,96
,2013,Wholesale,130.1,,,
,,Retail,105.2,,95.6,111.5
,2014,Wholesale,126.8,,,
,,Retail,106,,98,103.8
,2015,Wholesale,100,,,
,,Retail,100,,100,100
,2016,Wholesale,93.3,,,
,,Retail,96.6,,104,122.2
,2017,Wholesale,113.8,,,
,,Retail,103.5,,99.6,133.6
,2018,Wholesale,144,,,
,,Retail,111.9,,102.2,167.8
,2019,Wholesale,135.9,,,
,,Retail,112.4,,107.7,168.9
,2020,Wholesale,111.6,,,
,,Retail,106,,109.6,119.3
Poland,1980,,0.1,,,0.1
,1981,,,,,0.1
,1982,,0.1,,0.1,0.1
,1983,,0.1,,0.1,0.1
,1984,,0.1,,0.1,0.1
,1985,,0.1,0.1,0.1,0.1
,1986,,0.2,0.1,0.1,0.1
,1987,,0.2,0.1,0.1,0.1
,1988,,0.3,0.1,0.4,0.2
,1989,,1.3,0.2,0.7,0.4
,1990,,8.7,2,6.9,5.2
,1991,,14,9.3,15.8,13.1
,1992,,19.7,22.7,22.8,22.2
,1993,,28.1,29.4,33.4,30.5
,1994,,33.8,40.4,50.1,42
,1995,,38.022814,50.403226,59.737157,53.734551
,1996,,45.39924,59.828629,75.268817,62.385814
,1997,,53.041825,67.893145,86.917563,72.810317
,1998,,58.821293,79.082661,93.010753,83.019882
,1999,,73.460076,85.383065,91.756272,91.939817
,2000,,100,100,100,100
,2001,,92.851711,111.743952,109.557945,114.132187
,2002,,92.205323,116.078629,115.412186,122.622246
,2003,,99.391635,119.959677,115.352449,128.747985
,2004,,111.567776,124.945968,119.325836,131.106153
,2005,,123.65,134.175,122.3,135.6
,2006,,124.8,160.675,128.2,141.3
,2007,,129.827323,170.884629,135.922136,143.601613
,2008,,135.935491,188.612011,159.681146,158.970699
,2009,,126.72043,199.900263,188.559905,177.956989
,2010,,142.3,206.7,191.2,187.6
,2011,,161.614623,223.871615,205.727924,200.913979
,2012,,179.246002,246.69007,217.840096,212.741936
,2013,,172.239147,231.644935,216.288783,213.172043
,2014,,166.565118,241.624875,213.484487,205.913979
,2015,,144.402133,235.356068,209.427208,209.193548
,2016,,135.605484,216.750251,205.250597,205.645161
,2017,,145.239909,213.941826,216.527446,210.806452
,2018,,156.435644,213.941826,233.174224,210.806452
,2019,,159.101295,220.160481,233.651551,197.956989
,2020,,142.72658,214.643932,233.412888,221.129032
Portugal,1996,,41.4,36.2,77.5,56.7
,1997,,42.7,40.8,74.9,57.3
,1998,,42.6,41.3,77.6,58.1
,1999,,42.4,41.5,80.6,55.3
,2000,,44.8,48.1,87.4,55
,2001,,45.8,55.2,91.6,55.6
,2002,,47.9,53.3,91.5,56.9
,2003,,49.6,57.8,93.5,58.4
,2004,,54.8,60.1,91.4,59.7
,2005,,60.8,68.1,95.8,61.1
,2006,,66.9,74.6,98,61.9
,2007,,76.8,75.4,98.2,65.3
,2008,,84.3,79.8,100.5,67.8
,2009,,84.6,74,100.5,70.6
,2010,,95.6,81.6,104.2,72.8
,2011,,110.2,91.5,103.8,78.9
,2012,,117.7,99.5,105.1,91.3
,2013,,113.3,104.6,105.2,93.9
,2014,,108.3,105.9,103,96.6
,2015,,100,100,100,100
,2016,,97.8,93.7,103.6,101.9
,2017,,105.8,92.8,101.1,101.1
,2018,,113.4,94.5,100.6,103.4
,2019,,112.9,94.4,100.1,99
,2020,,104.3,91.2,100.2,97.4
Slovak Republic,1978,Wholesale,,17.3,,18.6
,1979,,,18.9,,20.1
,1980,,,20.4,,21.6
,1981,,,26.5,,22.9
,1982,,,32.6,,24.2
,1983,,,38.8,,25.5
,1984,,,44.4,,26.9
,1985,,,51.1,,28.2
,1986,,,51.1,,28.5
,1987,,,51.1,,29
,1988,,,51.1,,29
,1989,,,36.4,,29.6
,1990,,,42.3,,34.2
,1991,,,71.8,,81.1
,1992,,,68.4,,95.2
,1993,,,88.2,,100
,1994,,,90.5,,100
,1995,,,100,,100
,1996,,,93.5,,104.6
,,Retail,54.7,14.1,29,19.4
,1997,Wholesale,,92,,113.4
,,Retail,58.8,14.2,32.2,20.4
,1998,,58.5,14.3,34.6,20.4
,1999,,69.5,17.9,39.7,33.8
,2000,,89.7,26.8,42.8,54.1
,2001,,85.4,32.4,46.8,63.7
,2002,,80.9,32.8,50,64.4
,2003,,84.6,48.3,53.9,82.6
,2004,,94.1,64.1,60.4,92.5
,2005,,100.4,75.5,65,93.8
,2006,,106,92.9,71.8,98.3
,2007,,100.7,94.3,79.4,98.1
,2008,,107.2,94.4,83.8,100.6
,2009,,89.6,95.2,86.2,107.4
,2010,,96.9,90.6,87.7,103.8
,2011,,114,98.3,91.1,113.4
,2012,,121.8,103.1,96,114.2
,2013,,117.6,102.6,99.2,110.9
,2014,,114.4,102.4,100,103.9
,2015,,100,100,100,100
,2016,,93,91.7,100.1,99.3
,2017,,100,88,101.8,94.7
,2018,,107.3,88.4,106.9,97.4
,2019,,105.6,93.1,110.3,104.5
,2020,,93.4,94.5,111.8,113.6
Slovenia,2000,,46.8,43,53.3,47.9
,2001,,52.2,52.6,65.7,50.5
,2002,,56.3,50,70.3,53.5
,2003,,58.3,53.6,72,55.5
,2004,,63.2,55.4,74.9,58.3
,2005,,72.1,63.6,78.9,59.1
,2006,,78.6,72.8,86.4,60.1
,2007,,80.5,75.1,102.7,63.1
,2008,,88.7,93.6,94.8,66.7
,2009,,79.2,85.4,92.1,79.6
,2010,,93,94.6,105.3,84.2
,2011,,102.8,106.7,111.8,86.3
,2012,,115.4,112.2,103.6,90.3
,2013,,116.2,102.4,105.2,100.4
,2014,,114,103.6,104.4,98.9
,2015,,100,100,100,100
,2016,,91.6,95.9,99.3,102
,2017,,99.3,96.4,100,102.4
,2018,,106.4,101.2,110.3,103.5
,2019,,104.3,103,116.2,104.9
,2020,,88.1,101.7,110.9,98.6
Spain,1996,,50.9,50.6,,67.2
,1997,,52.5,53,,66.5
,1998,,50.6,49.9,,64.7
,1999,,53.6,51.6,,62.4
,2000,,64.2,55,,60.9
,2001,,62.7,62.5,,58.5
,2002,,63,61.1,,58.3
,2003,,64,60.7,,59.1
,2004,,68.8,60.4,,60
,2005,,78,65.5,,61
,2006,,83.5,77.9,,64
,2007,,84.5,78.1,,66
,2008,,96.1,88.1,,70.4
,2009,,80,79,,76.3
,2010,,93.9,80.9,,80
,2011,,109.5,94,,90.8
,2012,,118.6,103.9,,99
,2013,,118.6,109.9,,96.3
,2014,,114.7,110.8,,100.5
,2015,,100,100,,100
,2016,,92.2,89.4,,90.2
,2017,,99.2,95.5,,98.9
,2018,,107.6,100.2,,101.4
,2019,,109.1,96.8,,94.6
,2020,,97,90.2,,86.1
Sweden,1995,Wholesale,58.4,,96.4,
,,Retail,69.2,,,89.6
,1996,Wholesale,62.8,,95.6,
,,Retail,76.4,36.5,,97.5
,1997,Wholesale,67,,103.2,
,,Retail,79,35.8,,103.3
,1998,Wholesale,57.9,,101.2,
,,Retail,73.7,35.9,,106.5
,1999,Wholesale,65.2,,91.5,
,,Retail,76.5,32.8,,101.7
,2000,Wholesale,100,,100,
,,Retail,100,32.8,,100
,2001,Wholesale,106,,129.4,
,,Retail,113,34.2,,114.3
,2002,Wholesale,101.2,,117.9,
,,Retail,111.7,37.3,,121.6
,2003,Wholesale,101.2,,108.9,
,,Retail,122.4,40.3,,151.1
,2004,Wholesale,113.325,,123.95,
,,Retail,134.425,42.4,,150.825
,2005,Wholesale,138.8,,160.43,
,,Retail,163.93,43.6,,148.55
,2006,Wholesale,155.35,,169.475,
,,Retail,171.05,44.8,,169.075
,2007,Wholesale,155.25,,151.625,
,,Retail,176.275,46.7,,167.4
,2008,Wholesale,182.275,,252.95,
,,Retail,216.45,48.5,,186.925
,2009,Wholesale,150.2,,250.525,
,,Retail,182.4,61.5,,189.65
,2010,Wholesale,173.2,,229.1,
,,Retail,207.35,64.7,,199.15
,2011,Wholesale,205.9,,234.3,
,,Retail,234.3,68,,202.9
,2012,Wholesale,224.625,,,
,,Retail,246.3,92,,191.875
,2013,,237.275,99.2,,190.425
,2014,,234.225,99.7,,183.725
,2015,,212.45,100,,176.15
,2016,,196.8,100.2,,182.6
,2017,,213.8,100.7,,192
,2018,,243.4,102,,215.9
,2019,,250.925,103.7,,222.75
,2020,,217.975,104.2,,198.3
Switzerland,1978,Wholesale,,99.4,64.7,68.7
,,Retail,,82.2,,61.8
,1979,Wholesale,,102.6,65.2,69.4
,,Retail,,82.3,,63.4
,1980,Wholesale,,115.8,79.7,70.8
,,Retail,,85.1,,64.1
,1981,Wholesale,,138.1,87.6,71.8
,,Retail,,92.3,,65.5
,1982,Wholesale,,169.9,93,74.6
,,Retail,,97.2,,68
,1983,Wholesale,,176.1,90,77.5
,,Retail,,99.6,,70.3
,1984,Wholesale,,173.3,90,80.3
,,Retail,,100,,73.1
,1985,Wholesale,,172.2,94.8,81.6
,,Retail,,100.7,,75
,1986,Wholesale,,149.9,96.1,84.5
,,Retail,,100.3,,76.5
,1987,Wholesale,,109.8,96.1,85.1
,,Retail,,95.5,,77
,1988,Wholesale,,97.6,95.9,85.6
,,Retail,,92.6,,77.3
,1989,Wholesale,,93.9,95.1,86.1
,,Retail,,91.9,,77.9
,1990,Wholesale,,91.9,97.6,87.3
,,Retail,,93.7,,79.5
,1991,Wholesale,,105.9,98.6,89.3
,,Retail,,98.7,,82.8
,1992,Wholesale,,109.3,102.3,92.9
,,Retail,,100.5,,86.7
,1993,Wholesale,,110.2,100.5,96.1
,,Retail,105.1,99.2,,89.7
,1994,Wholesale,106.5,103.3,95.8,97.7
,,Retail,101.8,95.9,,91.5
,1995,Wholesale,100,100,100,100
,,Retail,100,100,,100
,1996,Wholesale,114.7,97.3,97.9,100.6
,,Retail,107.2,98.5,,101
,1997,Wholesale,123.9,99.4,95.4,99.9
,,Retail,113.3,99.9,,100.9
,1998,Wholesale,104,99.8,95.1,99.4
,,Retail,102.6,100.5,,100.5
,1999,Wholesale,114.2,94.6,91.6,98.9
,,Retail,107.6,97.7,,101.2
,2000,Wholesale,172.4,109.2,110,97.3
,,Retail,142.2,109.3,,100.7
,2001,Wholesale,159,139.8,130.2,96.3
,,Retail,134.7,130,,100.7
,2002,Wholesale,142.5,122.9,107.9,94.6
,,Retail,125.2,120.5,,99.8
,2003,Wholesale,151.4,122,106,93
,,Retail,129.3,118.9,,98
,2004,Wholesale,172.975,121.65,148.025,90.875
,,Retail,141.25,119.325,,96.375
,2005,Wholesale,222.625,137.65,137.076,87.225
,,Retail,167.35,130.125,,93.6
,2006,Wholesale,251.875,163.35,144.725,87.625
,,Retail,182.875,151.975,,93.3
,2007,Wholesale,258.025,176.875,170.025,85.55
,,Retail,187.25,159.375,,91.75
,2008,Wholesale,323.28,201.81,251.9,84.4
,,Retail,220.7,180.2,,93.5
,2009,Wholesale,213.9,189.7,170.4,85.5
,,Retail,163.6,167.4,,98.3
,2010,Wholesale,251,169.2,183,87.5
,,Retail,186.4,159.5,,103.2
,2011,Wholesale,292,183.225,182.325,89.075
,,Retail,203.75,169.4,,107.125
,2012,Wholesale,312.475,194.325,149.268,89.425
,,Retail,213.875,179.325,,103.725
,2013,Wholesale,299.575,193.175,122.075,88.6
,,Retail,208.475,179,,102.425
,2014,Wholesale,278.7,197.2,110.8,89.1
,,Retail,203.4,182.588,,103.6
,2015,Wholesale,193.8,184.775,102.575,91.125
,,Retail,168.025,173.35,,105.5
,2016,Wholesale,153.125,178.525,97.2,90.35
,,Retail,157.825,176.15,,101.375
,2017,Wholesale,184.229814,175.772229,102.053184,88.077815
,,Retail,171.673594,173.731642,,101.387824
,2018,Wholesale,236.902375,189.577979,116.092336,87.844727
,,Retail,191.201964,185.7479051,,104.4
,2019,Wholesale,220.730494,197.975003,94.812707,87.53173
,,Retail,189.009381,194.559925,,105.820361
,2020,Wholesale,141.924738,184.391936,79.949472,86.911801
,,Retail,161.40707,182.801795,,105.373828
Turkey,1996,Wholesale,2.9,,4.6,4.5
,,Retail,1.5,0.8,1.6,1.8
,1997,Wholesale,5.5,,8.1,7.6
,,Retail,2.9,1.5,2.7,3
,1998,Wholesale,8.5,,12.5,12.9
,,Retail,4.7,2.4,4.6,5
,1999,Wholesale,16.9,,18.6,21.9
,,Retail,9,4.4,6.8,8.6
,2000,Wholesale,29.6,,26.4,33.1
,,Retail,14.5,6.7,10.5,13
,2001,Wholesale,51.9,,44.6,65.1
,,Retail,25.8,17.2,17.7,25.2
,2002,Wholesale,79.115593,,74.613085,93.930502
,,Retail,38.8,23.7,26.3,36.8
,2003,Wholesale,100,,100,100
,,Retail,48.4,29.6,32.9,39
,2004,Wholesale,109.140035,,107.556687,97.263919
,,Retail,49.1,30.6,39.1,38.9
,2005,Wholesale,148.441631,,114.386537,101.987556
,,Retail,62.5,38,40.2,39.4
,2006,Wholesale,198.255176,,138.663131,113.928744
,,Retail,63,46.4,44.9,39.3
,2007,Wholesale,202.725,,161.45,126.85
,,Retail,65.5,50.6,52,39.3
,2008,Wholesale,275.8,,197.95,162.12
,,Retail,75.1,62.2,61.9,52.9
,2009,Wholesale,225.5,,225.8,189.2
,,Retail,71,61.7,68.5,62.7
,2010,Wholesale,278.7,,233.5,193.4
,,Retail,84.3,67.4,69.4,67.6
,2011,Wholesale,394.2,,257.1,199.3
,,Retail,96.9,75.1,73.9,69.5
,2012,Wholesale,439.328,,291.084,218.552
,,Retail,104.2,87.8,86.5,83.5
,2013,Wholesale,443.763,,315.742,243.649
,,Retail,111.3,94.6,90.5,91.7
,2014,Wholesale,478.7,,326.6,233.8
,,Retail,113.4,98.9,92.6,93.9
,2015,Wholesale,355.2625,,350.5825,238.895
,,Retail,100,100,100,100
,2016,Wholesale,325.4,,373.2,218.4
,,Retail,100.8,100.3,106.3,105.6
,2017,Wholesale,490.8,,411,212.1
,,Retail,121.6,103.3,123.5,105.5
,2018,Wholesale,817.3,,506.5,285.6
,,Retail,145.4,116.9,153.6,128.7
,2019,Wholesale,871,,543.4,385.6
,,Retail,157.9,139.1,176.1,153.9
,2020,Wholesale,728.9,,574.8,414.7
,,Retail,152.5,162.8,184.8,184.5
United Kingdom,1978,,13.503356,14.756637,14.609907,21.076824
,1979,,17.686801,15.293142,17.131269,22.889606
,1980,,22.757644,17.861173,21.840248,29.103292
,1981,,27.068606,22.499447,25.622291,35.007101
,1982,,29.235645,28.018805,27.513313,38.42479
,1983,,31.447427,31.391593,29.256347,39.823112
,1984,,32.428039,32.541482,31.518266,40.393157
,1985,,34.58613,33.84458,33.557895,41.68754
,1986,,30.058911,34.457965,34.559133,42.568108
,1987,,30.007457,34.150996,34.855728,42.360878
,1988,,29.500373,34.419801,35.263158,44.639122
,1989,,31.618195,35.876106,35.782663,47.901872
,1990,,35.645041,38.329093,37.080495,51.785668
,1991,,38.03132,41.012168,39.453251,57.016139
,1992,,38.777032,40.935288,40.973994,59.967721
,1993,,41.849366,39.363938,41.196285,59.760491
,1994,Wholesale,,,46.221067,
,,Retail,43.668904,41.740597,43.829102,61.728857
,1995,Wholesale,36.917645,40.439908,43.770263,57.34886
,,Retail,45.786726,43.120022,44.570279,62.557134
,1996,Wholesale,42.040189,30.92249,44.52562,55.368126
,,Retail,48.173005,43.196903,45.01548,62.298257
,1997,Wholesale,43.734852,32.025942,41.398221,52.212156
,,Retail,52.945563,42.809735,45.386997,59.264041
,1998,Wholesale,43.653704,33.713135,37.275356,51.723574
,,Retail,55.555556,41.426991,45.820433,56.552615
,1999,Wholesale,48.805723,33.52762,34.88801,52.027287
,,Retail,60.253542,41.371681,46.749226,55.907037
,2000,Wholesale,59.399941,36.485741,35.952742,48.237482
,,Retail,68.232662,40.542035,47.49226,54.744997
,2001,Wholesale,56.061682,48.884888,41.928865,44.143965
,,Retail,64.727815,41.70354,49.783282,54.228535
,2002,Wholesale,53.715584,46.209842,37.313209,42.559377
,,Retail,62.714392,44.303097,52.321981,54.486766
,2003,Wholesale,56.544042,48.175588,36.434345,41.172863
,,Retail,64.951529,45.188053,53.436533,55.067786
,2004,Wholesale,61.452505,53.653866,46.645532,44.896644
,,Retail,68.605518,48.396018,56.22291,58.360232
,2005,Wholesale,71.764117,81.592642,52.929314,60.161503
,,Retail,74.571216,55.309735,61.919505,64.557779
,2006,Wholesale,76.681715,101.750966,53.747099,80.800754
,,Retail,78.625954,72.559367,66.628831,78.617157
,2007,Wholesale,78.474478,82.05005,57.174657,82.939947
,,Retail,80.916031,78.23219,71.396141,84.891165
,2008,Wholesale,100.335177,123.718207,102.348957,102.11071
,,Retail,92.938931,93.403694,84.903519,98.079385
,2009,Wholesale,84.641506,106.440687,92.143214,110.122299
,,Retail,85.687023,105.936676,100,102.56082
,2010,Wholesale,100,100,100,100
,,Retail,100,100,100,100
,2011,Wholesale,119.21084,122.336042,117.987553,103.155638
,,Retail,114.694657,110.949868,104.880817,107.298336
,2012,Wholesale,121.589323,133.467049,93.058369,108.393474
,,Retail,116.889313,122.559367,108.513053,113.316261
,2013,Wholesale,120.021044,147.760922,81.176861,114.201732
,,Retail,115.648855,131.926121,110.215664,121.766965
,2014,Wholesale,110.771067,132.715807,72.284012,120.552514
,,Retail,109.923664,138.126649,113.280363,128.425096
,2015,Wholesale,88.305188,118.961859,67.121036,122.128222
,,Retail,95.419847,131.926121,113.507378,128.040973
,2016,Wholesale,84.999463,99.97256,81.317605,117.968609
,,Retail,93.129771,124.14248,113.280363,127.784891
,2017,Wholesale,95.729498,106.237966,123.398027,123.889972
,,Retail,100.763359,122.691293,115.891033,136.363636
,2018,Wholesale,106.929718,125.459094,127.610857,132.412952
,,Retail,107.824428,127.440633,117.820658,148.143406
,2019,Wholesale,106.02576,114.699297,134.376325,144.591792
,,Retail,108.206107,126.781003,122.133939,158.898848
,2020,Wholesale,86.42828,103.337858,109.353461,150.720886
,,Retail,98.854962,114.116095,127.355278,159.15493
United States,1978,Wholesale,42.2,36.5,80.4,59.1
,,Retail,50.9,47.5,,60.9
,1979,Wholesale,58.4,47.6,84.3,64.5
,,Retail,69.4,55.1,,65.6
,1980,Wholesale,88.6,63.3,87.4,77.8
,,Retail,96.6,65.7,,75.8
,1981,Wholesale,105.9,82.1,93,89.2
,,Retail,108.4,74.9,,87.2
,1982,Wholesale,100,100,100,100
,,Retail,103,89.8,,95.8
,1983,Wholesale,89.9,106.6,100.5,103.1
,,Retail,99.2,104.7,,98.9
,1984,Wholesale,87.4,106.1,102.2,108.4
,,Retail,97.8,105.5,,105.3
,1985,Wholesale,83.2,102.9,102.2,112.8
,,Retail,98.3,104.8,,108.9
,1986,Wholesale,53.2,89.6,100.8,114.5
,,Retail,76.8,99.7,,110.4
,1987,Wholesale,56.8,79.5,97.1,111.9
,,Retail,79.8,95.1,,110
,1988,Wholesale,53.9,77.4,95.4,112.6
,,Retail,80.4,94.5,,111.5
,1989,Wholesale,61.2,82,95.5,116.2
,,Retail,87.9,97.1,,114.7
,1990,Wholesale,74.8,80.4,97.5,119.6
,,Retail,100.9,97.3,,117.4
,1991,Wholesale,67.2,79.1,97.2,128.1
,,Retail,98.8,98.5,,121.8
,1992,Wholesale,64.7,80.6,95,129.6
,,Retail,98.3,100.3,,124.2
,1993,Wholesale,62,84.7,96.1,130.6
,,Retail,97,106.5,,126.7
,1994,Wholesale,59.1,78.8,96.7,129.2
,,Retail,97.5,108.5,,126.7
,1995,Wholesale,60.8,66.6,95,130.8
,,Retail,98.9,102.9,,129.6
,1996,Wholesale,70.1,91.2,94.5,131.6
,,Retail,105.4,107.2,,131.8
,1997,Wholesale,68,101.7,96.3,130.8
,,Retail,105.3,114.6,,132.5
,1998,Wholesale,51.3,83.9,93.6,130
,,Retail,91.3,112.4,,127.4
,1999,Wholesale,60.9,91.2,90.7,128.9
,,Retail,99.4,113,,126.5
,2000,Wholesale,91.3,155.5,87.9,131.5
,,Retail,128.7,132,,128.5
,2001,Wholesale,85.3,171.8,96.2,141.1
,,Retail,124.1,158.3,,137.8
,2002,Wholesale,79.5,122.5,99.8,139.9
,,Retail,115.8,135.3,,136.2
,2003,Wholesale,97.7,214.5,99.9,145.8
,,Retail,135.2,166.3,,139.5
,2004,Wholesale,119.9,245.9,109.2,147.2
,,Retail,159.7,180.1,,142.1
,2005,Wholesale,165,335.4,116.8,156.2
,,Retail,195.7,215.4,,150.8
,2006,Wholesale,193.2,280.3,126.6,172.8
,,Retail,220.8,220.8,,169.2
,2007,Wholesale,214.2,273.8,130.7,180.4
,,Retail,239,217.688,,175.825
,2008,Wholesale,271.7,344,161.7,189.1
,,Retail,280.9,247.803,,187.146
,2009,Wholesale,175.5,160,182.5,190.6
,,Retail,203,193.717,,192.712
,2010,Wholesale,225.2,185.8,189.5,193.1
,,Retail,240.1,189.678,,193.095
,2011,Wholesale,298.9,171.4,207.1,203.5
,,Retail,303.8,184.334,,196.737
,2012,Wholesale,306.5,117.9,211.4,209.6
,,Retail,313.3,166.585,,196.63
,2013,Wholesale,294.7,153.9,208.1,203.7
,,Retail,304.6,174.451,,200.75
,2014,Wholesale,278,182.4,199.9,218
,,Retail,293.2,186.754,,208.02
,2015,Wholesale,176,105.4,194,223.7
,,Retail,213.2,164.597,,209.191
,2016,Wholesale,143.8,96.2,189.6,213.6
,,Retail,188.1,160.628,,206.983
,2017,Wholesale,174.4,118.7,195.8,240.6
,,Retail,212.6,173.433,,211.437
,2018,Wholesale,213.6,112.1,199.6,247
,,Retail,242.1,173.609,,212.93
,2019,Wholesale,194.3,85.5,199.9,243.3
,,Retail,233.3,171.038,,213.362
,2020,Wholesale,144,67,189.7,240.2
,,Retail,194.1,171.387,,214.615
Iceland,1996,,33.8,,,43.5
,1997,,35.9,,,44.5
,1998,,34.4,,,44.7
,1999,,36.3,,,44.1
,2000,,43.1,,,45.5
,2001,,45.3,,,46.2
,2002,,43,,,47.9
,2003,,43.2,,,49.6
,2004,,47.3,,,51.3
,2005,,50.2,,,55.6
,2006,,56.3,,,54.6
,2007,,57.5,,,57.4
,2008,,74.8,,,61.7
,2009,,81,,,68.1
,2010,,94.9,,,77.5
,2011,,110.7,,,87.6
,2012,,121.2,,,93.2
,2013,,118.8,,,96.4
,2014,,114.3,,,98.9
,2015,,100,,,100
,2016,,92.6,,,101.4
,2017,,94.7,,,104.2
,2018,,104.6,,,106.6
,2019,,108.7,,,107.6
,2020,,102.1,,,108.9
Latvia,1996,,29,26,33.6,26
,1997,,36.9,30,35,30.1
,1998,,38.3,29.4,35.4,32.7
,1999,,42.5,29.4,37.8,32.7
,2000,,48.6,32.8,35.4,32.7
,2001,,48.3,33.4,35.9,32.7
,2002,,47.8,31.9,36.8,32.7
,2003,,51.5,33.3,40.8,32.7
,2004,,58.6,36.1,44.7,37.8
,2005,,72.9,45.2,52.3,37.8
,2006,,78.7,58.4,61.2,39.9
,2007,,82.3,59.8,76,42.8
,2008,,95.1,79.8,88.8,55.4
,2009,,87,92,83.9,62.4
,2010,,99.7,87.1,81.5,62.4
,2011,,117.1,95.1,92.1,76.6
,2012,,125.7,110.7,93.4,78.7
,2013,,121.3,107.3,95.4,78.4
,2014,,116.9,105.5,100.6,78.4
,2015,,100,100,100,100
,2016,,92.3,89.1,99,98.1
,2017,,99.9,89.7,101.1,97.5
,2018,,112.3,94.6,118.2,96.5
,2019,,112.7,100,121.2,105.2
,2020,,100.7,84.5,115.4,102.2
Lithuania,1996,,38,32.4,29.9,37.5
,1997,,42.8,36.8,35.7,40.7
,1998,,45.2,38.7,36.2,44
,1999,,53.1,38.8,36.5,44
,2000,,63.4,47.7,36.1,57.2
,2001,,60,49.7,34.8,57.2
,2002,,58.8,48.1,35.3,60.5
,2003,,61,48,36.4,60.5
,2004,,66.1,47.9,39,60.5
,2005,,73.9,52.7,48.3,65.9
,2006,,80.4,65.5,55,65.9
,2007,,80.8,70.3,65.8,70.5
,2008,,92.7,94.1,87.5,70.5
,2009,,88.7,95.3,78.8,77.4
,2010,,102.1,96.6,82.7,99.7
,2011,,116,109.8,112.2,99.3
,2012,,123.2,125.2,100.6,103
,2013,,120.6,127.7,97.7,112.7
,2014,,116.3,115.9,114.7,106.7
,2015,,100,100,100,100
,2016,,90.8,91.6,99.7,95.8
,2017,,98.4,94,112.3,88.6
,2018,,106.7,97.9,138.1,87.7
,2019,,104.2,107.7,129.7,100.8
,2020,,94.5,89.1,96.5,110.7
Data extracted on 15 Jun 2022 08:47 UTC (GMT) from UKDS.Stat,,,,,,